date,open,high,low,close,volume,volumeNotional,tradesDone
2017-12-13T00:00:00+00:00,16996.59171646405,17292.06490694706,16993.763028283727,17199.733732871417,3363.059783039999,57843732.7960163,16547.0
2017-12-13T01:00:00+00:00,17174.037543731585,17221.09194685245,16750.15685647441,16952.813967430004,3965.6908209299995,67229618.73957105,21486.0
2017-12-13T02:00:00+00:00,16923.878729650933,17010.837286264446,15957.360194838076,16333.264098261467,9207.616596149997,150390433.5804532,36045.0
2017-12-13T03:00:00+00:00,16411.756706795415,16661.670341808498,16244.301138751678,16471.617093283363,4120.259351379998,67867334.36095141,21703.0
2017-12-13T04:00:00+00:00,16567.71250464143,16630.768500158025,16293.99955143901,16568.5368466103,3316.9035490799997,54956238.669584446,16548.0
2017-12-13T05:00:00+00:00,16503.465703434525,16904.978398792297,16500.908986431044,16776.080914896844,4382.552097359997,73522048.59906217,17790.0
2017-12-13T06:00:00+00:00,16742.684147290747,16745.53707133652,16529.690306694145,16669.783277933737,2079.9613758599994,34672505.362059064,15547.0
2017-12-13T07:00:00+00:00,16645.803445601003,16697.63611765093,16478.741022502505,16531.175812408823,2276.5653099599995,37634301.387379736,15766.0
2017-12-13T08:00:00+00:00,16508.88226875662,16684.760321811867,16378.885370467146,16567.27062716772,2936.251926429998,48645680.29470834,18231.0
2017-12-13T09:00:00+00:00,16577.807840689384,16666.386188961573,16428.183872048077,16618.76968575213,2429.9375222599997,40382572.03320612,18590.0
2017-12-13T10:00:00+00:00,16662.13534534654,16788.775014918625,16581.318148903156,16612.612550619844,3234.3624291799997,53731209.88424895,18579.0
2017-12-13T11:00:00+00:00,16624.868877716395,16753.016360673915,16579.036120103716,16659.211461669074,2190.761829609999,36496364.581626005,15748.0
2017-12-13T12:00:00+00:00,16655.16350411838,17148.73147800144,16651.52532114228,16992.700872017045,5214.607009729998,88610257.08146514,27272.0
2017-12-13T13:00:00+00:00,16986.07462124355,17132.392424095473,16859.931415123927,16973.736152224184,3171.7150925399987,53835855.13080125,19821.0
2017-12-13T14:00:00+00:00,16955.439013643547,17127.835541415097,16864.436446794447,16946.442386971416,3243.8899377099997,54972393.9390788,21032.0
2017-12-13T15:00:00+00:00,16972.742599621768,17108.747708590254,16889.879354064826,16902.365222215252,2279.5931071599994,38530515.25526278,13900.0
2017-12-13T16:00:00+00:00,15969.99999977,16091.75732373,15700.21738358,15901.0,281.72390351,4479691.78971251,5032.0
2017-12-13T18:00:00+00:00,16270.93098887112,16344.696182428188,15554.050308368092,16103.857550730596,10485.230663849994,168852660.9971927,46206.0
2017-12-13T19:00:00+00:00,16110.94202904008,16436.53841381333,15918.109259146164,16367.254715527966,5434.5667128999985,88948937.65856382,27456.0
2017-12-13T20:00:00+00:00,16339.890825224278,16440.339949617486,16055.417068784567,16126.016479866883,4046.2779886399985,65250345.52693124,20876.0
2017-12-13T21:00:00+00:00,16154.707656632303,16684.085283060813,16139.601476020183,16622.8049032146,4426.93301675,73588043.8570345,21140.0
2017-12-13T22:00:00+00:00,16529.92067074849,16612.285181430518,16217.921181704833,16297.546334201686,3521.86851675,57397815.33469929,19973.0
2017-12-13T23:00:00+00:00,16333.802759497119,16441.800734672393,16051.722292182962,16226.150481695322,4017.6847867199995,65191557.93733668,20287.0
2017-12-14T00:00:00+00:00,16250.076999842244,16486.877572442998,16149.417685800228,16479.96433230788,2671.121787389999,44019991.78343766,17195.0
2017-12-14T01:00:00+00:00,16468.74682756793,16478.895551824167,16091.846046054177,16270.43987854144,2770.087735539999,45070545.959388554,17606.0
2017-12-14T02:00:00+00:00,16260.45362494987,16272.471727744785,15885.28365056608,16037.32329299818,4583.22562098,73502671.0084086,21601.0
2017-12-14T03:00:00+00:00,16039.735617409668,16177.467075482458,15961.741112527845,16101.190664407908,2704.780130749999,43550180.59050789,16615.0
2017-12-14T04:00:00+00:00,16086.076154614673,16486.457145535565,16070.938880921494,16335.259085238138,4481.22195984,73201921.73244502,24455.0
2017-12-14T05:00:00+00:00,16298.131802237936,16389.334994167224,16081.364188475678,16170.928644615213,3992.0075225399996,64554468.79576149,26175.0
2017-12-14T06:00:00+00:00,16180.864355715643,16378.188465479885,16106.654908690965,16152.094714088475,2822.105455899999,45582914.61684262,20074.0
2017-12-14T07:00:00+00:00,16143.273162838403,16503.19915712936,16060.08092129129,16497.91316817297,2776.0356107399994,45798794.45774453,20241.0
2017-12-14T08:00:00+00:00,16496.739025382278,16903.574192630564,16432.79232036511,16584.908835208465,6620.71106743,109803889.47758228,38275.0
2017-12-14T09:00:00+00:00,16596.265907868947,16689.819789533034,16326.12552782425,16334.43671025601,2652.56725651,43328191.97116001,20563.0
2017-12-14T10:00:00+00:00,16334.168400321223,16638.77152536059,16301.22739147846,16521.103846523136,2502.501999389999,41344095.40805395,18204.0
2017-12-14T11:00:00+00:00,16501.05722355601,16588.834641625686,16348.534452221957,16513.306946219487,2401.1650479900004,39651175.46599272,17145.0
2017-12-14T12:00:00+00:00,16520.049352814196,16730.860306936116,16427.150408673147,16630.49685991349,2994.060294219999,49792710.321417354,22098.0
2017-12-14T13:00:00+00:00,16588.25200020121,16683.03556573141,16420.10683645315,16498.297889948317,3681.100202419999,60731887.70227419,25254.0
2017-12-14T14:00:00+00:00,16532.31672774741,16548.38467758903,16177.540806603374,16189.68716776878,4322.931464749999,69986908.06200695,27660.0
2017-12-14T15:00:00+00:00,16187.009420719563,16393.98371170371,15985.960469742186,16356.154624060959,5788.41419695,94676197.63342384,32912.0
2017-12-14T16:00:00+00:00,16376.323754851954,16463.548323423176,16287.676756957071,16355.035529240215,3232.5022149399992,52867688.573691376,20984.0
2017-12-14T17:00:00+00:00,16343.978252635789,16581.517546393658,16315.950842640486,16451.06808390016,4148.57162774,68248434.29888725,23960.0
2017-12-14T18:00:00+00:00,16460.509336292624,16634.183525603366,16373.533726431695,16420.61788125827,4171.20583777,68493777.16609493,27999.0
2017-12-14T19:00:00+00:00,16423.050394980495,16525.8545019848,16347.800081226009,16452.963149687315,3387.7621312599995,55738725.50552693,24193.0
2017-12-14T20:00:00+00:00,16477.096830482784,16533.151128171936,16324.43261772787,16330.886571409996,2534.5002548099988,41390636.176511824,20332.0
2017-12-14T21:00:00+00:00,16337.600781727755,16470.19010588581,16236.478037534442,16421.061172423677,3411.089936899999,56013716.5184737,23180.0
2017-12-14T22:00:00+00:00,16445.68483143928,16535.596014710503,16370.715102836028,16429.909399902197,2135.630527549999,35088216.07931182,19644.0
2017-12-14T23:00:00+00:00,16425.85409566459,16504.503015461236,16360.825453110283,16465.44111381553,2404.419960779999,39589835.27710573,18667.0
2017-12-15T00:00:00+00:00,16441.973208098647,16997.930486601592,16396.24197202226,16938.022499311268,7843.4196371200005,132852018.28507839,41255.0
2017-12-15T01:00:00+00:00,16936.269515468495,17190.821778357848,16713.89473076088,17048.201814341523,7882.490514220001,134382289.08605528,37843.0
2017-12-15T02:00:00+00:00,17046.528951625085,17706.59352176007,16921.60010236073,17319.276566613924,11348.02078604,196539510.4771103,54576.0
2017-12-15T03:00:00+00:00,17324.755502318352,17514.060132998435,17037.535021704767,17169.434696494704,7425.13740698,127485411.82164313,37622.0
2017-12-15T04:00:00+00:00,17191.36795343707,17377.043045194852,16973.222126925528,17280.92220940806,4024.948877759999,69554828.45341483,23600.0
2017-12-15T05:00:00+00:00,17276.713278090538,17418.899882205165,17191.779210151886,17261.814964178062,3143.9991664399995,54271131.858617336,18495.0
2017-12-15T06:00:00+00:00,17248.977952693524,17345.884245324713,17122.5508167617,17150.306443900605,2875.6016547499994,49317449.58955016,19584.0
2017-12-15T07:00:00+00:00,17145.844010168472,17203.937620001212,16994.552294024517,17019.70289779142,3058.8365860899994,52060489.908146374,20026.0
2017-12-15T08:00:00+00:00,17041.265803795293,17308.10557076989,16980.002037803424,17275.421719854105,3626.4426101999993,62648325.43405348,23583.0
2017-12-15T09:00:00+00:00,17273.50347340745,17727.106303675693,17267.86297636186,17633.418756569867,5918.470615279997,104362870.7576859,28361.0
2017-12-15T10:00:00+00:00,17649.946406187246,18033.686353192814,17608.92050960487,17872.052554017497,8650.028752960001,154593768.46666357,40500.0
2017-12-15T11:00:00+00:00,17834.571605466946,17985.16827265601,17690.270804397383,17936.25358565937,3443.0240215199997,61754951.95149944,21772.0
2017-12-15T12:00:00+00:00,17943.40482769236,18014.083470072444,17784.408314185464,17867.202556071723,3604.196548079999,64396909.77643984,21295.0
2017-12-15T13:00:00+00:00,17869.54554483182,17914.514049379766,17555.128541426406,17823.469911541542,5668.745809869999,101036720.37839513,27993.0
2017-12-15T14:00:00+00:00,17824.827522046075,17908.167816088913,17645.874792592793,17650.51598808617,3181.5894730999985,56156695.862478174,22608.0
2017-12-15T15:00:00+00:00,17658.34068327253,17736.86563596027,17501.85869400633,17580.622961599212,4239.2479011,74528618.98998992,22642.0
2017-12-15T16:00:00+00:00,17576.036785657863,17724.624495317912,17527.24409159137,17615.63393180023,3321.08079991,58502943.62914485,20783.0
2017-12-15T17:00:00+00:00,17612.310519061542,17668.28656526811,17520.01471584904,17586.271339824656,2615.1565016199997,45990851.83359592,18240.0
2017-12-15T18:00:00+00:00,17584.285805862837,17783.146045170663,17497.98623064497,17781.991014138504,3223.0090218799996,57311517.465557486,19718.0
2017-12-15T19:00:00+00:00,17788.13879384908,17840.58737963865,17614.6155628188,17686.78949077702,2429.724518659998,42974026.082118906,17562.0
2017-12-15T20:00:00+00:00,17687.56287616651,17826.503708643908,17629.493859390852,17718.83512215197,2267.1803963,40171795.63421486,13569.0
2017-12-15T21:00:00+00:00,17719.328919194748,17740.025311973568,17315.77711979844,17545.50582432553,4799.769768679997,84214388.43179648,17817.0
2017-12-15T22:00:00+00:00,17550.282682233188,17585.77083435336,17180.532001199215,17545.48337957209,3583.8806608000004,62880918.56843625,16957.0
2017-12-15T23:00:00+00:00,17553.826266490596,17670.49248659691,17443.389149710943,17586.311293876355,2260.98305219,39762351.78599203,15700.0
2017-12-16T00:00:00+00:00,17574.73922049813,17656.739880880235,17457.527147297813,17575.516402048033,1845.9838992499997,32444120.299184956,14573.0
2017-12-16T01:00:00+00:00,17580.33554069058,17610.165560725152,17461.56167204699,17497.750555442915,1656.9096065699996,28992190.988678914,13046.0
2017-12-16T02:00:00+00:00,17499.111370603296,17554.037015635804,17378.6224014668,17422.070300194955,1635.9895737199997,28502325.363735814,12654.0
2017-12-16T03:00:00+00:00,17397.64491348669,17544.99003885484,17134.156965570415,17335.119501490535,3402.8558663499985,58988913.08952533,17499.0
2017-12-16T04:00:00+00:00,17365.146776926256,17578.55943357669,17352.516260981687,17523.212919255613,1337.2354175999997,23432660.94577449,12109.0
2017-12-16T05:00:00+00:00,17534.532932030703,17642.002543318355,17518.540284988518,17584.40426554006,1156.6997863199995,20339876.656514674,11016.0
2017-12-16T06:00:00+00:00,17583.496140290677,17765.331973999815,17582.92891262948,17760.380784417517,2354.492046199999,41816675.294394344,17612.0
2017-12-16T07:00:00+00:00,17782.03039359755,17978.081139671798,17771.10961559162,17924.194768270485,3359.065419999999,60208542.82744228,21771.0
2017-12-16T08:00:00+00:00,17888.390395701266,17930.392535249728,17682.314300109287,17881.48108192627,2027.4739497900002,36254237.07726822,13231.0
2017-12-16T09:00:00+00:00,17857.879757014725,17955.349118634473,17779.246558649982,17903.822740991312,1426.1693288099993,25533882.861652784,11687.0
2017-12-16T10:00:00+00:00,17918.697924834345,17986.80488084691,17820.86234575082,17871.404443680578,1969.2215487599992,35192754.737101,16855.0
2017-12-16T11:00:00+00:00,17857.79154298951,18077.78422253826,17829.541171804543,18025.843829828766,2490.6127258999977,44895396.03765748,17928.0
2017-12-16T12:00:00+00:00,18031.19396900197,18114.36903881355,17942.030846692633,18074.382156061136,2428.682652579999,43896938.39852716,18776.0
2017-12-16T13:00:00+00:00,18083.34018102236,18432.079491757624,18056.107453180448,18389.15132117789,6069.924797419998,111620765.6079264,29894.0
2017-12-16T14:00:00+00:00,18378.64204055749,18634.792578022432,18232.821871261738,18626.38765671181,4595.981267799999,85606528.7570286,23740.0
2017-12-16T15:00:00+00:00,18634.38841820976,18879.346486951003,18372.774572357255,18825.854726219677,7521.1875675699985,141592784.51572233,32267.0
2017-12-16T16:00:00+00:00,18827.158904075874,18909.577563460687,18455.19358884782,18769.879914041812,6053.652202639997,113626324.88492745,30055.0
2017-12-16T17:00:00+00:00,18798.738279043664,18859.23467750939,18647.652408110745,18787.768506309745,2208.6291106599983,41495212.44737682,18418.0
2017-12-16T18:00:00+00:00,18787.115734501745,18798.671517610015,18633.141721345248,18768.14587669854,1841.8580037599988,34568259.69873243,15752.0
2017-12-16T19:00:00+00:00,18774.020797724184,19263.06999764051,18768.889643595314,19254.058648756996,6458.834389879999,124358776.14535812,30696.0
2017-12-16T20:00:00+00:00,19246.950869401124,19398.340970382444,19072.640532235433,19189.245398766114,5167.405069229998,99158603.94828244,27656.0
2017-12-16T21:00:00+00:00,19181.165116046384,19302.764010893225,18917.681213828757,19242.451608638854,3089.5184598599985,59449909.45785246,21354.0
2017-12-16T22:00:00+00:00,19240.385520195017,19507.834955112918,19110.38129365683,19383.047649183693,4687.7722406799985,90863312.70962101,23973.0
2017-12-16T23:00:00+00:00,19408.111985378477,19593.109196377678,19262.38646521028,19310.675680752352,4262.199528409998,82305952.77978109,23063.0
2017-12-17T00:00:00+00:00,19282.67516386517,19380.38972193698,19037.82622960247,19174.323577097624,3873.2891031599997,74267698.5716361,21721.0
2017-12-17T01:00:00+00:00,19190.449824077034,19278.60879430017,18902.94153251612,19061.411729754123,3367.348970599999,64186425.166370295,18883.0
2017-12-17T02:00:00+00:00,19064.388450394774,19263.366750935988,18939.412670244215,19189.94816737142,2137.004469439999,41009005.00199465,14143.0
2017-12-17T03:00:00+00:00,19196.369323906838,19378.752301548382,19121.235778229246,19149.31133388003,2021.1528790499997,38703685.73429641,14846.0
2017-12-17T04:00:00+00:00,19131.433078450853,19191.831359194584,18980.396547030057,19065.033043689582,2261.50691143,43115703.99494532,12523.0
2017-12-17T05:00:00+00:00,19057.98201740131,19375.83235211249,19034.589824254133,19308.339419029668,2345.29343433,45283721.6672654,15524.0
2017-12-17T06:00:00+00:00,19313.39342757404,19403.749505913278,19256.637996913403,19395.175910218324,1422.874170069999,27596894.826613538,12024.0
2017-12-17T07:00:00+00:00,19386.554127052077,19601.085658421336,19385.099046689065,19578.511285148157,3546.1401112299986,69428144.18643308,21515.0
2017-12-17T08:00:00+00:00,19589.584128587343,19595.060207177045,19362.150214763147,19384.782165399964,2209.20372866,42824933.03906346,16215.0
2017-12-17T09:00:00+00:00,19369.781509874716,19642.403592406907,19322.49768324233,19624.606512008235,2758.5029761599994,54134535.469343625,18957.0
2017-12-17T10:00:00+00:00,19629.72327212535,19735.085517076226,19585.08166777417,19697.11200630234,3642.289987429999,71742593.84184223,18176.0
2017-12-17T11:00:00+00:00,19691.99699327351,19802.50252461824,19656.038206151665,19775.702857782802,2958.668572399998,58509750.542442806,18286.0
2017-12-17T12:00:00+00:00,19766.127246654793,19860.88680419745,19531.90732362513,19554.679299319214,2558.358243949999,50027874.9932117,17804.0
2017-12-17T13:00:00+00:00,19571.145913331493,19855.510639582608,19509.612185873368,19694.34587570774,2391.407123609999,47097199.02200669,15987.0
2017-12-17T14:00:00+00:00,19679.47357747513,19684.374430734722,19322.137175512402,19449.74848565896,3093.7432419199995,60172527.93455116,19577.0
2017-12-17T15:00:00+00:00,19448.792437167853,19517.35963380052,19170.65200403378,19387.85910094333,3235.152518259999,62722681.19408685,21188.0
2017-12-17T16:00:00+00:00,19395.034033222724,19463.25213861969,18962.482918690497,19049.58824433967,6160.946240410001,117363489.07532305,25862.0
2017-12-17T17:00:00+00:00,19062.167386843532,19295.37729792117,18984.882896405183,19101.43876077931,3125.64483312,59704313.36778795,15665.0
2017-12-17T18:00:00+00:00,19108.41285309279,19137.18744666928,18787.42847999521,18792.076837111523,3087.661261229999,58023567.668006815,18318.0
2017-12-17T19:00:00+00:00,18795.396408403598,19053.119317510245,18655.943395673028,18946.296393131684,5550.79859196,105167075.34185217,29559.0
2017-12-17T20:00:00+00:00,18937.659833442085,19361.270721848505,18930.75267621679,19015.365467500327,4281.553322999999,81415301.20543545,24738.0
2017-12-17T21:00:00+00:00,19023.272923790897,19054.05215013727,18908.789453351063,18963.14894978144,1865.081211199999,35367812.81142436,14026.0
2017-12-17T22:00:00+00:00,18965.779693331377,19536.77607117836,18953.615440014746,19375.629284084902,4508.226802959999,87349731.26272821,22336.0
2017-12-17T23:00:00+00:00,19375.001718097697,19434.738978756355,18784.55870266829,19016.783171461473,6838.781596790002,130051626.78313653,25714.0
2017-12-18T00:00:00+00:00,19007.94001510539,19017.887278825776,18182.71999131176,18189.04272938511,11097.820181609999,201858725.48633668,32885.0
2017-12-18T01:00:00+00:00,18176.006024793183,18565.03545652384,17992.748079748377,18415.374399442615,11144.585554409998,205231715.51107985,39197.0
2017-12-18T02:00:00+00:00,18453.343211458487,18852.197125844064,18155.812727314795,18277.242354014226,5638.301419899998,103052601.5164948,24451.0
2017-12-18T03:00:00+00:00,18296.061915124614,18662.15218364203,18283.358992212234,18600.59146091559,2677.4252384999995,49801693.02848298,15517.0
2017-12-18T04:00:00+00:00,18580.789561409638,18951.207707714515,18569.25440266984,18770.6938697464,2969.82594059,55745693.57724655,16167.0
2017-12-18T05:00:00+00:00,18784.309998635283,18956.81930982474,18642.42941139868,18923.815048858647,2122.95119407,40174335.7543343,13242.0
2017-12-18T06:00:00+00:00,18915.037183871766,19002.134391281008,18807.86218351258,18940.959739082915,1853.6940193499995,35110743.789087124,12730.0
2017-12-18T07:00:00+00:00,18922.67195038451,18930.82649130033,18565.057144087838,18635.861272483573,2195.2328064899993,40910054.042552404,14078.0
2017-12-18T08:00:00+00:00,18627.49459577394,18977.37369973479,18620.78733637891,18924.004216668123,2322.883031179999,43958248.27687713,13815.0
2017-12-18T09:00:00+00:00,18908.842019544933,18916.938313066417,18504.39059141697,18673.361414126593,2832.3978560899996,52890388.835365884,14668.0
2017-12-18T10:00:00+00:00,18704.725451164002,18929.224132487056,18693.03631160571,18808.537927780657,1867.6959139899993,35128629.43584186,14386.0
2017-12-18T11:00:00+00:00,18797.73286345105,19185.521276970485,18791.039019062937,19087.63417816786,4207.200275659999,80305499.77608503,19461.0
2017-12-18T12:00:00+00:00,19095.320005007194,19173.120134786648,18877.140954744453,18897.425153122553,2517.3513924599993,47571459.52312167,15346.0
2017-12-18T13:00:00+00:00,18903.60716223293,18936.180388700308,18580.543137055603,18697.736047816983,3364.9220904199997,62916425.06814171,19113.0
2017-12-18T14:00:00+00:00,18692.287348088077,18698.36888270549,18176.965065027984,18568.29502376569,6658.949189949999,123645333.10725714,29851.0
2017-12-18T15:00:00+00:00,18579.852995912603,18808.93398609219,18549.507838985537,18749.25262146077,3304.8811096999993,61964050.80965889,16230.0
2017-12-18T16:00:00+00:00,18757.20451042533,18815.938981730753,18514.647201083506,18538.738804405442,3220.9322706899993,59712022.07300243,16246.0
2017-12-18T17:00:00+00:00,18548.452833540363,18622.0176783136,18411.550747250974,18524.79989542041,3040.3919851999995,56322653.12947,18420.0
2017-12-18T18:00:00+00:00,18528.651081807566,18529.892043806936,18270.879546670345,18446.494906157186,2874.888297479999,53031612.33523571,17716.0
2017-12-18T19:00:00+00:00,18474.70244606402,18810.078660711042,18441.746115047143,18740.592216534504,3182.2605131613,59637446.603935756,18398.0
2017-12-18T20:00:00+00:00,18744.780401990985,18775.895339329945,18531.50395835514,18666.867189089222,2769.867649800299,51704751.55017688,20582.0
2017-12-18T21:00:00+00:00,18674.69216580628,18758.451051522712,18644.061000950147,18700.661850724606,1989.8838477326992,37212144.95866798,14136.0
2017-12-18T22:00:00+00:00,18697.64384812108,18784.11419142229,18609.199279067027,18778.886997127804,2696.3881575448,50635168.51092744,17546.0
2017-12-18T23:00:00+00:00,18786.009723196625,19001.554682142407,18736.006143961895,18950.5755517401,3627.8924860684015,68750650.65082946,16962.0
2017-12-19T00:00:00+00:00,18949.572725343856,19023.170317865985,18657.664316053313,18773.97415789938,3459.6873494943993,64952080.89381926,19804.0
2017-12-19T01:00:00+00:00,18789.022459206826,18933.749629867198,18722.378061179406,18758.986628590646,2402.0187121279996,45059436.90243367,16850.0
2017-12-19T02:00:00+00:00,18744.107765234396,18830.916985167714,18635.052567572042,18775.353292341235,3094.5155204865982,58100622.1657691,17734.0
2017-12-19T03:00:00+00:00,18781.51006652266,18979.157856542643,18642.906638703393,18940.87119333335,3839.6088075874,72725535.8573012,18455.0
2017-12-19T04:00:00+00:00,18947.35361568476,18968.635581344755,18813.409806935135,18867.369687658662,2243.760049674299,42333850.34760436,14929.0
2017-12-19T05:00:00+00:00,18866.593201917505,18900.746830430962,18725.73080179491,18802.22377329593,2222.8862552375995,41795204.79356115,13278.0
2017-12-19T06:00:00+00:00,18801.312952929344,18829.585585059147,18657.58357924517,18670.55715584494,2114.2041840109996,39473370.05670388,14241.0
2017-12-19T07:00:00+00:00,18662.601570185452,18815.78729966312,18621.81933167054,18728.282698910418,2195.823659085599,41124006.24431099,16133.0
2017-12-19T08:00:00+00:00,18732.115060211458,18821.29003835685,18690.339838843847,18780.963088688066,1605.361422400099,30150233.61810003,13287.0
2017-12-19T09:00:00+00:00,18778.802117446183,18792.87066081779,18298.25967764138,18472.094888540956,4716.509372662801,87123808.67452005,26941.0
2017-12-19T10:00:00+00:00,18485.792412835006,18498.038283427202,17795.69828270981,18061.034487735036,9450.371952481699,170683493.75569585,37931.0
2017-12-19T11:00:00+00:00,18066.342262224833,18214.41860353017,17383.283241528236,17652.29263350674,12477.315062025491,220253216.75533524,48436.0
2017-12-19T12:00:00+00:00,17670.19931981695,18082.82356479234,17640.259558789974,17920.23472804169,4438.2316391181,79534152.75041758,20341.0
2017-12-19T13:00:00+00:00,17893.205624723243,18239.524323975606,17853.8525920741,17897.673812495603,6157.1938871205,110199447.79197459,28565.0
2017-12-19T14:00:00+00:00,17899.157406042683,17908.042780211425,17554.367554437667,17737.05698035119,7755.5054396980995,137559841.8953488,32970.0
2017-12-19T15:00:00+00:00,17745.23195485465,17885.521880904373,17649.00631830885,17825.46585643749,5158.376022623699,91950455.66594458,21631.0
2017-12-19T16:00:00+00:00,17785.634710471553,18266.861723595022,17764.252437083385,18222.92614469588,5501.0096449448,100244492.4810888,27241.0
2017-12-19T17:00:00+00:00,18229.159212523013,18346.34910772585,18002.748907511097,18062.854681996356,4423.787398124099,79906228.91636236,24766.0
2017-12-19T18:00:00+00:00,18109.301110169243,18257.42018620336,17969.720040692668,18105.6752537638,3435.0111424011,62193196.237374514,19427.0
2017-12-19T19:00:00+00:00,18107.04443315258,18136.968555721738,17700.1609665574,17794.151310901143,4733.8396149587,84234658.39011312,23822.0
2017-12-19T20:00:00+00:00,17784.247460646886,17933.202499131792,17445.051863319008,17604.873970270688,5965.574234971399,105023182.56696546,29754.0
2017-12-19T21:00:00+00:00,17597.308314235663,17651.593823464576,16586.80240810669,16926.292109940685,14458.213363248698,244723942.77419543,50546.0
2017-12-19T22:00:00+00:00,16920.48875472401,17406.984717700983,16890.585800456218,17108.585235345217,8080.531662093399,138246464.6878307,35944.0
2017-12-19T23:00:00+00:00,17120.927283524048,17618.742549865823,17044.487708513952,17509.73092404917,6040.5029806032,105767581.83627903,25442.0
2017-12-20T00:00:00+00:00,17478.969475267964,17482.56816999844,15584.693591957488,16856.344946842735,15945.1513888045,268776972.03931713,49934.0
2017-12-20T01:00:00+00:00,16863.699692404287,16901.99899983467,15794.753672927009,16303.582303912699,14055.578670285897,229156283.68012592,47427.0
2017-12-20T02:00:00+00:00,16312.395028544895,17230.14972303517,16229.810663484224,17224.131205692283,10313.393987197696,177639251.211491,38964.0
2017-12-20T03:00:00+00:00,17208.84176679359,17251.98068619145,16725.605524539133,16758.31283123288,5591.547210179,93704897.35878715,27522.0
2017-12-20T04:00:00+00:00,16765.05013507425,16978.69885933711,16523.31477098735,16867.718379633476,4612.132803340499,77796157.256217,26084.0
2017-12-20T05:00:00+00:00,16859.28434633973,16909.7102751025,16364.084079918895,16415.643614400622,4261.052191899499,69947914.20458278,19790.0
2017-12-20T06:00:00+00:00,16413.090718659918,16495.976371722096,15891.168154731628,16299.265254836297,8361.5461111021,136287058.005398,36610.0
2017-12-20T07:00:00+00:00,16314.02014698574,16766.201291783098,16095.316957308272,16395.277049765224,5851.5491813549,95937769.99864046,22153.0
2017-12-20T08:00:00+00:00,16387.240702118295,17113.851527438444,16294.42999376195,17027.819911618968,4961.6049057814,84485314.80825087,23242.0
2017-12-20T09:00:00+00:00,17032.36242511836,17040.994146730223,16745.71352483732,16926.787438768904,3727.8714305268004,63100887.30358651,20048.0
2017-12-20T10:00:00+00:00,16915.3677224056,17469.035478160997,16896.571323463162,17302.389629380756,5438.281324858999,94095262.39689538,26727.0
2017-12-20T11:00:00+00:00,17269.116304520492,17508.93396087989,17061.795874690753,17360.04776385729,3303.5138503335997,57349158.23035539,19070.0
2017-12-20T12:00:00+00:00,17363.644915353325,17794.6352018516,17333.68814485105,17766.84998966402,4326.102222295899,76861209.22348338,23698.0
2017-12-20T13:00:00+00:00,17737.237013161757,17754.14347461133,16832.76345409892,17068.801081978254,7198.040559280101,122861922.48636355,27883.0
2017-12-20T14:00:00+00:00,17106.85336776546,17433.847315057577,17049.809548783986,17173.965383684903,5442.261795314098,93465215.68167517,23951.0
2017-12-20T15:00:00+00:00,17175.13584344565,17181.900699066467,16349.952693273792,16485.193390314464,6034.8468156079,99485616.83621964,25249.0
2017-12-20T16:00:00+00:00,16481.13710072577,16570.53299203278,15986.8610270664,16357.008581581465,9549.703737679996,156204585.9887923,38008.0
2017-12-20T17:00:00+00:00,16390.455565647175,16931.78369480479,16367.679524090303,16855.46436045342,6564.783235495798,110652469.86000152,25746.0
2017-12-20T18:00:00+00:00,16865.27834939645,16896.285242007307,16488.602373316426,16822.27050322127,4137.272970261699,69598325.05140802,22182.0
2017-12-20T19:00:00+00:00,16828.848041589637,16846.28127592948,16400.57362948503,16754.940817017618,4994.6244337563,83684636.79081695,24955.0
2017-12-20T20:00:00+00:00,16748.822112461676,16806.75552516137,16529.79446553166,16632.272708309327,3909.2238291113,65019276.803600356,20537.0
2017-12-20T21:00:00+00:00,16652.898117250494,16675.172653441263,16098.849526796568,16236.091021442815,5450.002902308301,88486743.18900508,26176.0
2017-12-20T22:00:00+00:00,16229.855497212806,16311.64324649327,15556.084330976646,16264.768986052055,12687.469948519503,206358767.73014748,47266.0
2017-12-20T23:00:00+00:00,16262.877055678171,16496.168119074904,16031.933375487833,16463.703748396427,4666.8385803561005,76833447.82856978,22015.0
2017-12-21T00:00:00+00:00,16451.715340679,16741.05674421024,16375.035156682516,16665.813074611877,5026.2376973873,83766337.93322435,22176.0
2017-12-21T01:00:00+00:00,16656.809610352222,16676.528232681194,16333.151532530972,16461.314362587364,3786.8653222766993,62336780.51877745,19935.0
2017-12-21T02:00:00+00:00,16473.38067208895,16628.030047434793,16311.813515941534,16352.171036225505,2956.8947118137,48351648.063688345,17919.0
2017-12-21T03:00:00+00:00,16349.500513531442,17030.847356314713,16076.812696458393,16932.992116223002,6428.349878568899,108851197.81413026,30636.0
2017-12-21T04:00:00+00:00,16916.644501292496,17103.533528976273,16752.980608280304,16907.6684551797,4721.977869208498,79837636.26527318,22691.0
2017-12-21T05:00:00+00:00,16906.967638476242,16929.596557955014,16625.245250327094,16744.37209103325,2932.9562441621997,49110510.67897124,18187.0
2017-12-21T06:00:00+00:00,16748.17686879069,17210.06561162341,16738.01259002972,17183.864926497612,2868.8502335145995,49297934.90706601,16409.0
2017-12-21T07:00:00+00:00,17182.54753763521,17336.554273333546,16883.066416213074,17034.555562994352,4535.1382711159,77254064.86518595,24040.0
2017-12-21T08:00:00+00:00,17031.384767773263,17046.365796661074,16653.03445554914,16742.416958024172,3717.107911755199,62233370.53657606,21282.0
2017-12-21T09:00:00+00:00,16734.51841386951,16958.456834666427,16689.549885992485,16747.87553287103,2315.9856958576,38787840.170132786,14556.0
2017-12-21T10:00:00+00:00,16754.305977058437,16772.385675975933,16400.81433079126,16608.837026237776,3555.947162922699,59060146.9028957,22081.0
2017-12-21T11:00:00+00:00,16615.01757243238,16744.04853541954,16442.99894810382,16607.97893467536,2845.700741369699,47261337.96705801,20048.0
2017-12-21T12:00:00+00:00,16610.904196170824,16799.677547225376,16582.017294965142,16631.535140862336,2354.7435888709992,39163000.74602832,18660.0
2017-12-21T13:00:00+00:00,16625.608668885707,16688.542644270696,16105.203602794389,16155.042134822768,5044.089438418098,81487477.40945889,27996.0
2017-12-21T14:00:00+00:00,16162.468312771958,16356.662781391708,15917.14500406376,15931.428593840239,5594.6391700511995,89130594.44597231,26867.0
2017-12-21T15:00:00+00:00,15857.560911718627,15960.893298036453,15071.52859000761,15375.49108984051,15576.5199660331,239496643.94846475,56878.0
2017-12-21T16:00:00+00:00,15372.71689395695,15818.046434838052,15177.065376760844,15587.155880626231,8712.6781399872,135805872.3057051,41134.0
2017-12-21T17:00:00+00:00,15573.721471121427,15667.638502925813,14877.986943628077,15312.776529348654,10301.819928251598,157749466.4069073,43014.0
2017-12-21T18:00:00+00:00,15312.6621591105,15485.517493218478,15130.198350291652,15255.20761279272,5745.945990535499,87655599.01751295,27983.0
2017-12-21T19:00:00+00:00,15228.248612040572,15400.0906034021,14935.64623246763,15318.275150383943,6974.653214151998,106839657.01289006,30603.0
2017-12-21T20:00:00+00:00,15284.757714081083,15436.342913863544,15013.634338318498,15156.704754543029,4416.0228667962,66932354.7813407,25050.0
2017-12-21T21:00:00+00:00,15174.552212289274,15699.892534984667,15096.485709653161,15580.438851506913,5659.131073584699,88171745.64464907,28095.0
2017-12-21T22:00:00+00:00,15577.083635142175,15751.204394205346,15415.142108890781,15510.359223698999,4142.027348146699,64244332.08414066,25112.0
2017-12-21T23:00:00+00:00,15494.817572308164,15756.604830137727,15339.58553710703,15623.340355107219,4428.387645880501,69186207.41594309,23454.0
2017-12-22T00:00:00+00:00,15616.971464398604,15825.318734488486,15000.825453481988,15018.5387447398,6146.720385371999,92314758.26079133,30226.0
2017-12-22T01:00:00+00:00,15097.747252566305,15250.830127480385,14355.321939083118,14604.26085113067,14217.005945433602,207628863.34918794,46470.0
2017-12-22T02:00:00+00:00,14604.119810813065,14839.17229181864,13772.433938462776,14103.9764601122,12722.015276806,179431003.98925963,42032.0
2017-12-22T03:00:00+00:00,14091.830366683493,14350.108242861974,12999.976927264544,14088.96110501831,25192.048987168808,354929798.33593726,69520.0
2017-12-22T04:00:00+00:00,14113.137945647091,15040.893026415712,13857.113853287174,14646.0053226816,13859.2762216435,202983033.31070524,41882.0
2017-12-22T05:00:00+00:00,14618.908654545081,14751.59664543335,13697.973776910287,13990.092338658664,7394.5736882032,103450768.70297852,29266.0
2017-12-22T06:00:00+00:00,13965.865431899092,14272.930784298196,13371.06193250421,13378.47828947129,7053.100845536501,94359756.53546168,29698.0
2017-12-22T07:00:00+00:00,13308.865089292833,13368.244358807302,12242.713092108426,12898.261244075118,20131.084107015402,259655981.9387333,55876.0
2017-12-22T08:00:00+00:00,12971.903087141187,13497.592984917856,12625.313006887056,13160.424833521822,10152.626361963905,133612876.09945808,40527.0
2017-12-22T09:00:00+00:00,13149.94300286442,13814.190993596327,13137.625048577325,13564.43562198573,8321.0581140865,112870457.09532832,33295.0
2017-12-22T10:00:00+00:00,13546.216061263725,14348.978047538803,13396.206668835117,13849.139769924357,9013.641648206,124831183.02201624,35526.0
2017-12-22T11:00:00+00:00,13819.7770645706,13861.259981611547,13222.682585859871,13585.503403311019,6822.350067644002,92685060.06255674,25286.0
2017-12-22T12:00:00+00:00,13610.680040939875,13745.598424790245,13232.957193636526,13376.426572222737,5516.871313173201,73796024.02906336,25124.0
2017-12-22T13:00:00+00:00,13373.830687306405,13423.281828014711,11714.404479294539,11818.831849304868,21210.501268722597,250683347.93449995,53459.0
2017-12-22T14:00:00+00:00,11818.707236841547,12232.095399828067,10749.660708788555,12036.198743943216,26981.740900664616,324757595.9379808,62598.0
2017-12-22T15:00:00+00:00,12062.4521319389,13064.240544192393,11585.37657241823,12791.677362208473,16603.203393689604,212382820.9912022,50716.0
2017-12-22T16:00:00+00:00,12840.262216149249,12956.711910618907,11955.080446121563,12659.687459541432,13906.541084160606,176052463.76874575,48243.0
2017-12-22T17:00:00+00:00,12632.333220185941,13052.511788810007,12353.842992699061,12774.297053508672,8463.128506604398,108110517.54538181,33186.0
2017-12-22T18:00:00+00:00,12781.62844567233,13313.391789329235,12388.043170866496,13272.11591388345,8073.128589599601,107147498.4288523,32403.0
2017-12-22T19:00:00+00:00,13282.621337123943,13463.093481161508,12638.578713594929,13106.095947204256,9167.5564537294,120150874.4839891,37737.0
2017-12-22T20:00:00+00:00,13158.276778646445,14166.356640982482,13026.536079280806,14151.149948973258,10221.1731109152,144641353.34697446,40455.0
2017-12-22T21:00:00+00:00,14055.44382060774,14171.615035407587,13575.532465688306,13834.42597640135,7865.903335757599,108820257.43606696,35581.0
2017-12-22T22:00:00+00:00,13748.94440613732,14707.5880192243,13736.005018710202,14667.832554622979,7685.345838083199,112727365.87737297,32312.0
2017-12-22T23:00:00+00:00,14664.652745425947,14674.034987371468,12926.67198218808,13428.300452122834,11988.212010510302,160981312.76087987,51054.0
2017-12-23T00:00:00+00:00,13481.612564827086,13986.12555135322,13018.518544426684,13571.112260473988,6061.161595161301,82256704.43680762,27623.0
2017-12-23T01:00:00+00:00,13540.932273229368,13878.8015486222,13321.626425163517,13684.983345675306,3301.3761809793,45179278.05451086,17835.0
2017-12-23T02:00:00+00:00,13689.825535473265,14153.891931177675,13677.345495204256,13871.14422280329,4160.66971139,57713249.63014003,21539.0
2017-12-23T03:00:00+00:00,13867.471405511147,14417.953192890547,13668.716833963308,14322.204869333846,3482.4879885299997,49876906.42672099,19889.0
2017-12-23T04:00:00+00:00,14311.14576278235,14412.652472172154,13962.672054195476,14104.90156378823,3339.239952249999,47099650.82435515,18087.0
2017-12-23T05:00:00+00:00,14091.334008596694,14215.838759699229,13529.31424725482,13712.505494519997,4410.52806421,60479390.31421427,21612.0
2017-12-23T06:00:00+00:00,13717.872320360286,13781.905487271206,13208.264891792067,13743.343988744147,4105.564605109999,56424186.63603925,21938.0
2017-12-23T07:00:00+00:00,13710.936027667343,14136.82014437426,13641.781575168674,13887.472465586667,3555.94775884,49383126.589955114,18678.0
2017-12-23T08:00:00+00:00,13888.400171746998,14260.570056587108,13834.682643411328,14014.124125788785,2519.6564203699995,35310777.82940582,15823.0
2017-12-23T09:00:00+00:00,14040.51390744929,14249.646564151062,13800.421186656755,14216.294526623496,2534.51777216,36031451.13198818,15871.0
2017-12-23T10:00:00+00:00,14185.688903920161,14479.344006147789,13921.877559230632,14406.496372642854,3196.5220908499996,46050683.906903274,17753.0
2017-12-23T11:00:00+00:00,14374.592418667735,14785.626435276141,14298.612926826878,14781.072745646112,4839.61531416,71534706.01954192,20934.0
2017-12-23T12:00:00+00:00,14838.473384600984,14850.97657097477,14383.536920117405,14625.698544478142,4557.99761764,66663899.12205218,21593.0
2017-12-23T13:00:00+00:00,14613.213031733816,14767.67135797578,14461.811915038676,14656.936363457567,3677.2633137599987,53897414.381457396,18473.0
2017-12-23T14:00:00+00:00,14767.852811626133,15169.378986512751,14764.502381662356,15153.62077107371,4393.932037129998,66583979.784539364,17970.0
2017-12-23T15:00:00+00:00,15016.961008472776,15138.744181683074,14344.130849130353,14586.226259922641,6713.130343999999,97919238.10993631,26843.0
2017-12-23T16:00:00+00:00,14666.92715005172,15050.213820808875,14552.767017446875,15039.758001486296,3818.2011666500007,57424821.547408655,17239.0
2017-12-23T17:00:00+00:00,14975.150490268506,14997.197758809134,14518.174512506457,14819.38245441169,4493.6417508700015,66592995.71925473,19530.0
2017-12-23T18:00:00+00:00,14780.03438100202,14919.67962601908,14478.83650676773,14569.200616733084,2683.9882086999996,39103562.66549636,14480.0
2017-12-23T19:00:00+00:00,14615.016160969299,14749.835590635266,14537.705294923719,14684.617544136127,2100.6414180799998,30847115.821876556,12761.0
2017-12-23T20:00:00+00:00,14772.034411999373,15100.980694853879,14731.880869804447,15016.426777824592,2616.0204118499996,39283278.96384005,15438.0
2017-12-23T21:00:00+00:00,14904.079606262341,15127.497688895137,14886.708738811814,15009.927151180938,2707.1057678300003,40633460.36567004,14269.0
2017-12-23T22:00:00+00:00,14975.08222437938,15106.972220291524,14449.368770804793,14533.339179402343,4487.171095040001,65213579.48022656,18515.0
2017-12-23T23:00:00+00:00,14526.950825685544,14780.091513839961,13830.685419980578,14126.244859699946,7116.918908050002,100535339.14174269,31997.0
2017-12-24T00:00:00+00:00,14146.115951212902,14171.353235367762,13623.475782820802,13967.062065546776,5445.38760518,76056066.65250818,25548.0
2017-12-24T01:00:00+00:00,13971.318928433058,14135.309053781866,13386.825774585417,13524.187439509085,4934.138550930002,66730214.61528509,22779.0
2017-12-24T02:00:00+00:00,13546.979536590907,13632.727783236625,12900.500924741245,12954.556660970271,7000.837759790002,90692749.43345976,28911.0
2017-12-24T03:00:00+00:00,13021.383214247922,13885.19579740984,12984.195408113257,13626.640424809293,5259.03918806,71663035.99567464,24803.0
2017-12-24T04:00:00+00:00,13609.555173607774,13808.195591129806,13017.953634958414,13390.32420377837,3772.087340969999,50509472.42055657,17875.0
2017-12-24T05:00:00+00:00,13328.110027096745,13627.487278692257,13293.82603254903,13614.929406628438,2534.69786359,34509732.47990977,12530.0
2017-12-24T06:00:00+00:00,13624.858034047373,13895.551133084962,13495.28146223679,13838.39856912871,2458.7425661800003,34025059.60968117,12196.0
2017-12-24T07:00:00+00:00,13832.697651242092,13995.775825474537,13442.053251829822,13469.952007429505,2552.28629382,34379173.88697552,13313.0
2017-12-24T08:00:00+00:00,13405.463395093304,13651.29181852654,13163.114126650818,13634.675469525853,2148.36581573,29292270.687301733,12307.0
2017-12-24T09:00:00+00:00,13581.850387862138,13665.838588625877,12631.969562680193,12922.517543059681,4068.0334402000017,52569233.49673795,18148.0
2017-12-24T10:00:00+00:00,12979.07187773621,13000.89751343184,12479.472458089442,12779.651131309527,6191.662694349998,79127289.15653694,23750.0
2017-12-24T11:00:00+00:00,13074.958541980843,13084.38858269386,12227.78481477631,12642.63469037385,10534.0258211295,133177840.2755057,71210.0
2017-12-24T12:00:00+00:00,12439.015211018854,12541.984826960877,11790.591846145031,12250.476917592534,7735.31949759,94761352.95542976,27482.0
2017-12-24T13:00:00+00:00,12254.095523538072,12950.252317991688,12246.928687479627,12916.383898079781,5419.56126627,70001133.8743067,22910.0
2017-12-24T14:00:00+00:00,12921.4661778022,13309.276082501905,12750.251664237398,13195.471611852388,5280.3428619,69676614.33504884,20753.0
2017-12-24T15:00:00+00:00,13197.057916816973,13310.749344747712,12433.012060195744,12738.137440819943,5004.8977328500005,63753075.198291436,20877.0
2017-12-24T16:00:00+00:00,12812.03590151581,13209.807705769997,12791.45629542984,12928.676092217176,3581.2795414099996,46301203.18657395,15024.0
2017-12-24T17:00:00+00:00,12957.11178944806,13108.410432230188,12700.979242365716,12724.11836001153,2213.5616402,28165620.307086054,11407.0
2017-12-24T18:00:00+00:00,12670.857139596661,12779.01909616954,12392.95865667743,12542.407318893478,3661.7289984599993,45926896.59008918,16723.0
2017-12-24T19:00:00+00:00,12573.68012338205,12661.679243517015,12255.296303511699,12432.589026653617,3584.96447942,44570390.04778009,15955.0
2017-12-24T20:00:00+00:00,12366.319746699366,13142.849615829258,12332.93099044377,12979.9058742386,4235.0898749200005,54971067.94540253,18810.0
2017-12-24T21:00:00+00:00,13060.40003660632,13112.397535296623,12783.266879142442,12880.721111225834,2025.2514351800005,26086698.91666345,12136.0
2017-12-24T22:00:00+00:00,12796.320394510318,13315.63767640316,12668.868329036339,13251.945853119476,2744.254081020001,36366706.488879204,12866.0
2017-12-24T23:00:00+00:00,13254.475408142014,13661.876905406032,13184.575688604633,13581.381745685543,4105.717395860001,55761315.2930766,17275.0
2017-12-25T00:00:00+00:00,13625.765535388025,13746.654421161827,13404.15078611219,13534.557678169498,3036.4061048,41096413.55976158,13685.0
2017-12-25T01:00:00+00:00,13528.5299822072,13567.753984787814,13199.072631483506,13472.658801458496,2187.5865051,29472606.581887346,10720.0
2017-12-25T02:00:00+00:00,13475.565703498314,13482.882696746685,12989.091873636753,13095.519234492032,2963.506946250002,38808662.21616764,12842.0
2017-12-25T03:00:00+00:00,13179.23053909091,13455.398748900805,13091.697217330382,13136.98790934159,1791.96611575,23541037.19655756,9563.0
2017-12-25T04:00:00+00:00,13036.967043873434,13703.763899440602,12807.589966804879,13586.426889676559,4962.054051719999,67416584.59631711,18163.0
2017-12-25T05:00:00+00:00,13589.034223990437,13611.071421051343,13385.993783738813,13516.564461001715,1573.9155959499997,21273931.6088341,8173.0
2017-12-25T06:00:00+00:00,13475.875849638735,13785.048115695685,13372.24947882195,13559.392367777478,2995.5741352700006,40618165.06689166,13390.0
2017-12-25T07:00:00+00:00,13548.715858585982,13737.659434595842,13424.23580661945,13625.340029115403,1772.4449250600005,24150164.786822475,10734.0
2017-12-25T08:00:00+00:00,13639.52249928004,13967.962788460827,13479.634857771214,13926.094656457248,2961.5091661200004,41242256.973352894,15142.0
2017-12-25T09:00:00+00:00,13937.082299416124,14048.6904687372,13633.360135895864,13653.541984866912,2429.3196473499997,33168817.7997553,13433.0
2017-12-25T10:00:00+00:00,13652.436255479794,13896.014219978866,13634.039088064159,13739.818277288756,1407.19743291,19334637.00845064,9013.0
2017-12-25T11:00:00+00:00,13742.691279377808,13993.602495655163,13699.187855870387,13861.206114265175,1514.92917163,20998745.49647643,8663.0
2017-12-25T12:00:00+00:00,13876.7554435026,14337.668316539342,13848.853920147005,14262.53460601213,3153.820856059999,44981479.10071854,13629.0
2017-12-25T13:00:00+00:00,14260.517343892325,14272.697520518299,13462.690254650919,13532.02141298878,4791.00898558,64832036.18269021,18887.0
2017-12-25T14:00:00+00:00,13566.703575219388,13655.259959496367,13186.761144026812,13301.047891093916,5402.044420440001,71852851.54608913,20961.0
2017-12-25T15:00:00+00:00,13235.599820108579,13680.346219231214,13222.62195805306,13536.21348636334,2541.2767516000004,34399264.637589544,12068.0
2017-12-25T16:00:00+00:00,13581.779738452604,13830.174008067468,13559.790458904758,13708.370532034158,2076.92358962,28471238.13323341,10153.0
2017-12-25T17:00:00+00:00,13698.942783964694,13746.733070656313,13481.285894715187,13668.392897980644,2773.2437403100007,37905785.04442249,10426.0
2017-12-25T18:00:00+00:00,13659.320628285688,14033.672964107403,13624.420337877396,13888.423663133606,2496.3382441699996,34670203.14151602,10709.0
2017-12-25T19:00:00+00:00,13937.506441875594,13979.55613534333,13842.100956887958,13918.087301057498,1244.57779821,17322142.4484447,7744.0
2017-12-25T20:00:00+00:00,13881.635111092066,13917.020799912438,13504.694019169925,13578.883329426124,3241.1286432399997,44010907.70221715,11403.0
2017-12-25T21:00:00+00:00,13568.799410242507,13719.992519816213,13440.70142649856,13619.42348283428,2056.2565478799993,28005028.714928612,10156.0
2017-12-25T22:00:00+00:00,13617.761511734121,13672.836885294699,13448.658614323625,13605.177555419134,1403.06860099,19088997.43890247,7836.0
2017-12-25T23:00:00+00:00,13624.789302595553,13824.919456862457,13624.241853090767,13726.383392406377,1894.9636720499998,26010997.87724052,9396.0
2017-12-26T00:00:00+00:00,13752.129519417156,13967.700751358188,13737.80991149969,13840.563237628718,1432.1318748400006,19821511.778346803,8123.0
2017-12-26T01:00:00+00:00,13791.642995140513,13812.476434473796,13611.414813579679,13729.953057579265,1414.4632696099998,19420514.293415383,6408.0
2017-12-26T02:00:00+00:00,13782.224058966272,13944.433198571813,13728.605539690527,13816.477116467779,1194.9092876000002,16509436.828380218,6458.0
2017-12-26T03:00:00+00:00,13792.95323274837,14568.609225943928,13782.701338926701,14443.579242528158,4611.870820850002,66611921.65725039,16749.0
2017-12-26T04:00:00+00:00,14459.492837560236,14876.995424144989,14384.494777441367,14842.562245551839,6551.389988340002,97239413.69682162,22143.0
2017-12-26T05:00:00+00:00,14813.890844884001,15429.178015396212,14774.47574834664,14947.077519768325,8362.401900379999,124993469.4564378,25370.0
2017-12-26T06:00:00+00:00,14927.203263027655,15288.709752740864,14811.559134640562,15233.874439560093,4725.434123150001,71986670.10447986,14310.0
2017-12-26T07:00:00+00:00,15241.617836793024,15247.817005450554,14875.335132691176,15124.167830768416,2566.86906887,38821758.59719813,12464.0
2017-12-26T08:00:00+00:00,15129.62123389426,15229.255181939852,14814.646830669451,14825.059521640305,2098.27752594,31107089.214980662,11103.0
2017-12-26T09:00:00+00:00,14804.06445261252,15213.00786913523,14748.06851114191,15161.6306298859,2878.8191978100003,43647593.32741965,11884.0
2017-12-26T10:00:00+00:00,15160.434885639785,15262.864253718208,14982.048985465255,15033.865723652698,2042.93200552,30713165.453540195,10059.0
2017-12-26T11:00:00+00:00,15039.515494117717,15079.986207967058,14691.050030936938,14796.530164273727,3421.648363829999,50628523.226948425,12898.0
2017-12-26T12:00:00+00:00,14805.397539257361,15047.07691996825,14610.41047027837,15026.853205044812,4119.734169649999,61906640.61113771,12393.0
2017-12-26T13:00:00+00:00,15032.558471843131,15264.258288968223,14980.240530297086,15117.065452651288,3699.7555563000005,55929446.90339739,12913.0
2017-12-26T14:00:00+00:00,15120.328431018728,15722.590833477383,15106.38875815537,15719.264145879215,6663.09981096,104739025.95883809,23388.0
2017-12-26T15:00:00+00:00,15738.604966072804,15791.314536319553,15483.491855604001,15686.360502743268,3776.631651720003,59241605.574950725,17686.0
2017-12-26T16:00:00+00:00,15729.716859614864,16010.41730892052,15673.868434322934,15964.26062214777,4985.587054819999,79591211.0975526,19734.0
2017-12-26T17:00:00+00:00,15950.197542320575,15951.140084790897,15363.424742159543,15658.577908002146,4447.97585247,69648976.41881375,19910.0
2017-12-26T18:00:00+00:00,15665.772288574817,15764.15501935143,15458.212261077852,15614.198064757202,2538.7217784700006,39640104.68034325,12108.0
2017-12-26T19:00:00+00:00,15621.80659332543,15862.538437264264,15616.92574371383,15821.9225850244,2511.7797901000004,39741185.389591046,11460.0
2017-12-26T20:00:00+00:00,15813.409146154225,16059.69366472204,15646.731591882395,15748.78319341468,4824.071221330001,75973251.77431735,19937.0
2017-12-26T21:00:00+00:00,15748.179768082442,15912.450397276203,15643.945365665504,15858.31745604789,2345.17605147,37190546.31453216,12800.0
2017-12-26T22:00:00+00:00,15866.377720617453,15969.393599917417,15586.066075727578,15700.259593210722,2430.9300917500004,38166233.49342256,14131.0
2017-12-26T23:00:00+00:00,15698.612101844505,15769.19284323859,15525.512508985388,15702.203337200357,2351.809825009999,36928596.08273259,11517.0
2017-12-27T00:00:00+00:00,15697.027239087758,15757.080462187707,15524.823900353274,15673.401941402188,2199.6662251599996,34476252.88385956,10751.0
2017-12-27T01:00:00+00:00,15682.93371883443,15967.6269118423,15680.20455498845,15882.030736961462,2215.5409847500005,35187290.018797375,12245.0
2017-12-27T02:00:00+00:00,15877.772277443817,15885.729932251063,15698.788680327816,15799.23599820304,1628.53286981,25729575.140959054,9276.0
2017-12-27T03:00:00+00:00,15803.279508985395,15853.107893314771,15699.389581380965,15835.438482972782,1396.14335483,22108542.208821706,7865.0
2017-12-27T04:00:00+00:00,15842.892390035016,16460.719471974666,15842.246685165042,16344.573080755743,4978.045482510003,81364028.18821073,23078.0
2017-12-27T05:00:00+00:00,16347.341501340363,16414.93566381303,16218.185536998159,16395.241721752005,2161.19015424,35433234.9854353,11388.0
2017-12-27T06:00:00+00:00,16388.482307083894,16496.86130083871,16335.531730916977,16394.959107575592,2613.6741858799996,42851081.39802852,12032.0
2017-12-27T07:00:00+00:00,16388.188531906715,16440.616435474025,15977.019545290867,16179.710128407747,3779.096844880001,61144691.49733871,16334.0
2017-12-27T08:00:00+00:00,16184.898808316531,16257.450697803042,16037.889166340068,16061.727922902981,1954.2913471299998,31389295.899685603,10473.0
2017-12-27T09:00:00+00:00,16056.138247132443,16221.439255146757,15687.498615783577,15818.396466885097,3586.31168505,56729700.08794366,17956.0
2017-12-27T10:00:00+00:00,15821.60726434719,15942.449477154089,15421.04489873696,15584.924179342164,4083.04697275,63633977.4910013,19570.0
2017-12-27T11:00:00+00:00,15595.606025083664,15772.585467605599,15528.619159818567,15663.537331182248,2180.74550764,34158188.66872712,11933.0
2017-12-27T12:00:00+00:00,15666.400051024897,15999.830746655565,15663.715634012142,15911.870518130829,1635.7635724999998,26028058.163895108,9937.0
2017-12-27T13:00:00+00:00,15909.756245509585,15915.366694494674,15550.074043107343,15778.40611102933,1904.9446325399995,30056990.031241648,11896.0
2017-12-27T14:00:00+00:00,15770.055552453246,15807.731378113445,15146.439334447114,15248.375054789954,4519.736354069999,68918635.07562827,19656.0
2017-12-27T15:00:00+00:00,15249.519125815825,15365.805354197515,15026.897697619544,15279.894991386056,4564.8632153300005,69750630.58028333,19104.0
2017-12-27T16:00:00+00:00,15276.403911377134,15394.179304049863,14635.531757325542,14741.36713111743,6669.484356999999,98317317.48178165,24635.0
2017-12-27T17:00:00+00:00,14735.474642973899,14978.988071262997,14472.227657209016,14875.959807811761,6076.189917370002,90389156.99542722,20905.0
2017-12-27T18:00:00+00:00,14869.07889829359,15157.578124538975,14744.473145245067,14995.937100728434,4465.592746800001,66965747.948481925,16986.0
2017-12-27T19:00:00+00:00,15000.463931661556,15251.98918018517,14741.668780823016,14817.893971880463,3304.9468405800003,48972351.86641577,15772.0
2017-12-27T20:00:00+00:00,14822.222672843503,14979.959527248524,14564.887584108152,14737.578553498632,3877.8444997,57150037.93258135,15810.0
2017-12-27T21:00:00+00:00,14755.223110354706,15281.101778558694,14692.471231906118,15205.003481434249,3508.2864610900006,53343507.8547421,13615.0
2017-12-27T22:00:00+00:00,15207.087566036964,15465.340189872799,15118.242909829072,15270.110263219145,3272.0517291,49964590.69031386,15434.0
2017-12-27T23:00:00+00:00,15272.00261821821,15476.622280080694,15198.52303240323,15372.585127594684,1861.0614384300006,28609325.389948998,8528.0
2017-12-28T00:00:00+00:00,15372.580039546905,15446.0771543656,15025.30468423961,15163.832853391812,2394.0198247900003,36302516.47082192,10985.0
2017-12-28T01:00:00+00:00,15170.950970152038,15426.762272802654,15122.190661276669,15423.062925415925,1673.5995511300002,25812031.18902584,8029.0
2017-12-28T02:00:00+00:00,15424.53037663753,15470.462512631608,13922.892960093115,14191.947066217746,8864.999725680005,125811606.84888548,29040.0
2017-12-28T03:00:00+00:00,14148.6154035468,14538.060732623175,13744.064012925275,14263.37070537205,9464.156737460002,134990775.9601365,26924.0
2017-12-28T04:00:00+00:00,14279.1877771039,14625.554137633286,14030.405627038657,14318.076505665946,6481.61312569,92804232.613758,20060.0
2017-12-28T05:00:00+00:00,14326.502561642308,14400.215402483385,13608.151182284226,13697.998056645263,8660.265603870004,118628301.41184314,28003.0
2017-12-28T06:00:00+00:00,13785.829749105074,14191.754267007838,13732.717382501007,13924.14192219081,5604.160062759997,78033120.06854397,18939.0
2017-12-28T07:00:00+00:00,13763.212387466841,14239.515907830239,13757.486317825727,14073.960025865814,3890.6776408099977,54757241.590289816,13827.0
2017-12-28T08:00:00+00:00,14072.118562555259,14192.79926743991,13856.659830242266,14148.676789826906,2586.573008030001,36596585.483906835,10995.0
2017-12-28T09:00:00+00:00,14159.080693894053,14396.193459165252,14090.878667468263,14182.559471539833,2058.0932302200004,29189029.635568675,11098.0
2017-12-28T10:00:00+00:00,14165.59639366401,14281.718261897855,13236.254665630155,13313.757188796486,4777.5803607199905,63607544.87258868,17797.0
2017-12-28T11:00:00+00:00,13352.032507032529,13792.796684116649,13230.26704819361,13758.242917717009,5633.01079939,77500330.9361309,19948.0
2017-12-28T12:00:00+00:00,13792.583158523057,14055.39908667756,13608.362412660084,13935.970082799751,3511.2673842000004,48932917.21892174,14233.0
2017-12-28T13:00:00+00:00,13908.11988747027,14130.147788316302,13846.432333640283,14013.036722175719,2891.17579922,40514152.6447356,13653.0
2017-12-28T14:00:00+00:00,14011.097329032602,14211.472264078111,13700.122817207348,14178.678982093472,3653.1677853700003,51797093.29648658,15618.0
2017-12-28T15:00:00+00:00,14177.67275435279,14432.041108483021,14087.293780587244,14126.889411129649,3653.841787880001,51617418.86314501,17097.0
2017-12-28T16:00:00+00:00,14134.088500965861,14260.39804621963,13813.256652743245,13879.88163922098,3612.9794413900004,50147727.01143193,14661.0
2017-12-28T17:00:00+00:00,13891.343794348926,14107.915574227422,13686.691533925008,14057.892980533936,3580.6559008300005,50336477.45398548,15810.0
2017-12-28T18:00:00+00:00,14053.341138956499,14080.691107905064,13369.171818000461,13441.532005371413,5219.3359711,70155871.50232694,20770.0
2017-12-28T19:00:00+00:00,13466.416896041339,13864.819107173997,13456.102084808745,13833.255765626509,3202.53281713,44301455.55717167,15479.0
2017-12-28T20:00:00+00:00,13842.1727681834,14058.106091395,13782.106713174664,13814.151047857998,2194.9042578200006,30320738.953112144,10093.0
2017-12-28T21:00:00+00:00,13818.612389633689,13985.92019308147,13658.38341661646,13886.83781267701,2786.0682848853994,38689678.407246746,13117.0
2017-12-28T22:00:00+00:00,13880.924436364052,14174.715951166287,13837.900897864361,13987.65036109985,3335.5477979695,46656476.36073389,16464.0
2017-12-28T23:00:00+00:00,13987.82118020787,14385.15988426493,13958.966337017166,14368.657266730428,2934.5955574377,42166197.781292036,15814.0
2017-12-29T00:00:00+00:00,14373.179705823544,14439.828455106832,14214.387403207096,14279.991240868729,3087.1353657996997,44084265.98299579,15114.0
2017-12-29T01:00:00+00:00,14255.930167104487,14348.538763338493,14090.867692129319,14317.492284009808,2875.7631124193003,41173716.17270336,12788.0
2017-12-29T02:00:00+00:00,14317.354845165457,14984.918072882252,14315.663818687068,14922.131619442185,6846.159185015799,102159288.4464588,28628.0
2017-12-29T03:00:00+00:00,14917.634872113742,14935.421944999523,14749.157608057378,14851.991568639362,3090.3181681764995,45897379.37817041,13873.0
2017-12-29T04:00:00+00:00,14845.325253322246,15018.923406502649,14761.89814588334,14784.184255318887,3128.934680405499,46258746.83797221,14923.0
2017-12-29T05:00:00+00:00,14775.779129607918,15001.061459733059,14734.942195741427,14906.090453389847,2661.9697245081998,39679561.497704476,12282.0
2017-12-29T06:00:00+00:00,14906.5226466151,15117.510653157638,14852.772017614694,14863.565165770971,2719.1099791848005,40415668.36851143,14630.0
2017-12-29T07:00:00+00:00,14868.830474620036,14901.608122185438,14415.086524152042,14552.893642853556,4616.013272151299,67176350.20361829,18270.0
2017-12-29T08:00:00+00:00,14557.38808268316,14702.40136929217,14356.248993714295,14506.719543240622,3758.3914886577995,54521931.25966132,16710.0
2017-12-29T09:00:00+00:00,14510.348915086788,14555.527772952468,14146.902482494565,14187.298189702286,4352.682642784199,61752806.57832082,17631.0
2017-12-29T10:00:00+00:00,14188.969156164752,14412.048977194836,13871.771116363187,13889.57949226068,6599.888354779199,91669673.94375125,28708.0
2017-12-29T11:00:00+00:00,13894.74027971852,14306.873759700247,13879.967438660411,14273.2346610914,4084.3677548733995,58297139.40750307,21687.0
2017-12-29T12:00:00+00:00,14275.051815101971,14344.296651128503,13957.534061498165,14153.379222154885,4368.4463827274985,61828278.26639304,21239.0
2017-12-29T13:00:00+00:00,14151.840192875254,14274.237581953961,13917.972613822114,14247.033430912374,3794.935980443499,54066579.78155076,19051.0
2017-12-29T14:00:00+00:00,14236.07648063354,14468.485993642567,14233.445602555568,14434.422475756219,3911.111302844999,56454632.894970044,17718.0
2017-12-29T15:00:00+00:00,14434.642066219798,14565.507047163124,14211.58919931242,14493.764174306205,4577.842987278098,66350176.684610195,22000.0
2017-12-29T16:00:00+00:00,14496.437384574609,14825.990439336536,14441.46588588294,14648.683951853656,4382.017952104799,64190796.0517322,22643.0
2017-12-29T17:00:00+00:00,14651.315183163966,14793.572657598754,14508.873807742322,14575.436525933113,3033.3398466112,44212252.39586523,16260.0
2017-12-29T18:00:00+00:00,15094.944272565495,15119.08321454066,15003.021844884606,15040.802128860752,4196.89193875121,63124621.20696773,19592.0
2017-12-29T19:00:00+00:00,14506.39533569411,14667.566460264841,14424.838782859775,14642.76872220156,2832.5248130673986,41476005.73764312,16455.0
2017-12-29T20:00:00+00:00,14641.222509929876,14649.852728083773,14298.226419406119,14339.331851810935,4117.163705457199,59037376.66078235,21102.0
2017-12-29T21:00:00+00:00,14334.782652158188,14462.688814611167,14130.54934414059,14258.466885348971,4260.8585304057,60753310.25894635,22572.0
2017-12-29T22:00:00+00:00,14260.046759645038,14448.856698433081,14189.899560623295,14445.90059774163,2602.7122964073983,37598523.11842112,16505.0
2017-12-29T23:00:00+00:00,14473.210879605365,14641.453516571013,14363.350180188672,14378.803245209387,3079.3815641958995,44277821.62849796,20772.0
2017-12-30T00:00:00+00:00,14356.5589063562,14451.081902157974,14018.106776211102,14284.05307801871,5183.880497539398,74046824.1769588,27421.0
2017-12-30T01:00:00+00:00,14273.510118980696,14334.88225792533,13554.751545781135,13698.174621430215,7365.1012070774,100888442.43905269,35129.0
2017-12-30T02:00:00+00:00,13703.546622627931,13794.024301346346,13030.458041906295,13359.880111592236,15790.507817237,210959291.3394463,64345.0
2017-12-30T03:00:00+00:00,13413.146672463945,13600.348567746267,13155.47351204641,13463.470436421414,6404.553080545498,86227511.05841601,30692.0
2017-12-30T04:00:00+00:00,13454.426144179877,13539.902112759053,12966.424210347457,12991.357332150415,6289.933650909197,81714775.65447883,29907.0
2017-12-30T05:00:00+00:00,12950.326834536603,13407.988656296246,12932.622860940735,13389.74361857964,3705.773090434799,49619351.5895535,21097.0
2017-12-30T06:00:00+00:00,13380.02464410685,13518.71700012273,13271.045221238672,13376.39637425264,3597.5474497800997,48122220.663440354,19574.0
2017-12-30T07:00:00+00:00,13343.383226579774,13601.670160975627,13285.025159261111,13550.026221257554,3964.8082651269997,53723255.95472952,19998.0
2017-12-30T08:00:00+00:00,13568.44716106627,13604.92604769798,13311.00849491624,13381.580419898371,3179.2278376714985,42543092.982980765,20932.0
2017-12-30T09:00:00+00:00,13381.732497376253,13407.208209308003,13122.825648993308,13299.288627802976,3379.013252546898,44938472.52279251,23304.0
2017-12-30T10:00:00+00:00,13291.756894533995,13353.98542569459,12965.17912209188,13062.795173336533,5517.1813159921985,72069809.46496539,25456.0
2017-12-30T11:00:00+00:00,13092.179492722691,13393.539939697466,12992.354682178824,13308.001816126362,2694.4832188972005,35858187.57060595,17580.0
2017-12-30T12:00:00+00:00,13272.255695518295,13297.859165933323,12493.165969018846,12632.001006230634,8443.7217023548,106661101.04047728,36267.0
2017-12-30T13:00:00+00:00,12671.10051756833,12682.63832867107,12040.284723244422,12525.967926498546,12936.232819374702,162038837.3852054,50652.0
2017-12-30T14:00:00+00:00,12517.624594596267,12755.319138780587,12156.542498037128,12456.429542215092,9790.993561795101,121960821.45078227,36270.0
2017-12-30T15:00:00+00:00,12533.192244532058,12668.37839040049,12316.792541515297,12469.427668804756,5522.691839143799,68864806.42530191,24792.0
2017-12-30T16:00:00+00:00,12457.36865868319,12496.66017472767,11863.683455020915,12057.11504235546,9010.196776376397,108636979.08703054,36786.0
2017-12-30T17:00:00+00:00,12073.733476389089,12792.22375962787,12045.126159982221,12744.697517832443,7815.2735427841,99603297.32190208,33511.0
2017-12-30T18:00:00+00:00,12860.117071663663,12869.40759749737,12405.084452758052,12694.626946982067,5644.234172264999,71651447.21831228,21777.0
2017-12-30T19:00:00+00:00,12624.944995960757,13112.58358473535,12616.097833192336,13089.307649161234,6441.421360726497,84313745.8884279,25851.0
2017-12-30T20:00:00+00:00,13103.838487276258,13109.95480451172,12676.621713521234,12860.406374282504,4010.219143000399,51573047.82891205,19789.0
2017-12-30T21:00:00+00:00,12889.918533484008,12933.784126338182,12684.559166496423,12883.013482229173,2572.0895464473997,33136264.30438257,14652.0
2017-12-30T22:00:00+00:00,12882.290344515644,12986.453184214914,12781.152731269176,12828.357299708738,2484.3739132313,31870436.225006707,14232.0
2017-12-30T23:00:00+00:00,12803.998967907337,12880.093345505626,12453.735544421894,12497.82956885344,3287.1989738744,41082852.53439216,18137.0
2017-12-31T00:00:00+00:00,12521.50772007076,13013.124908723425,12317.368636051213,12989.347194367603,4906.003571249799,63725783.72377102,26063.0
2017-12-31T01:00:00+00:00,12970.886863625174,13141.513491528398,12836.342162061637,12958.58499135695,4312.3450294703,55881889.57644657,18651.0
2017-12-31T02:00:00+00:00,12941.297667307677,13253.559876602036,12811.75889621087,13243.08982562549,4204.894039449399,55685789.471665606,19873.0
2017-12-31T03:00:00+00:00,13245.290220202232,13405.991937823006,12955.280307230714,12995.396040619897,4478.6309435563,58201582.83128929,20635.0
2017-12-31T04:00:00+00:00,13001.576019283964,13048.747454301658,12825.059111924249,12931.852734211396,2712.000801865799,35071194.98479173,14741.0
2017-12-31T05:00:00+00:00,12933.046006732067,13090.811122791047,12718.89803275988,12742.745828702822,2192.2010788732996,27934661.153490566,13092.0
2017-12-31T06:00:00+00:00,12753.172429357834,12914.53232245792,12580.55512987309,12627.033112380997,2629.836371188199,33207030.939137273,14687.0
2017-12-31T07:00:00+00:00,12622.181236478124,12939.93341603343,12596.185388166085,12929.80635190172,1818.3973997674,23511526.2497941,11476.0
2017-12-31T08:00:00+00:00,12932.315254582421,13009.062997569788,12569.98855605445,12614.409913290638,2799.6428272492994,35315842.23372659,14000.0
2017-12-31T09:00:00+00:00,12594.78552037303,12707.502000461956,12440.209475796037,12558.18473300079,2917.1594436028995,36634227.18838301,15193.0
2017-12-31T10:00:00+00:00,12577.177232902728,12897.841878904379,12524.542442921109,12886.817622007095,2511.7566264088996,32368549.5553993,12028.0
2017-12-31T11:00:00+00:00,12897.87431116564,13125.406003241713,12868.825639811315,13026.275855785387,2985.722558948899,38892845.6817098,14020.0
2017-12-31T12:00:00+00:00,13014.256319513592,13332.50845836112,12831.989569705269,13038.848473127287,5234.0123018152,68245493.30985256,21286.0
2017-12-31T13:00:00+00:00,13043.26699807428,13190.909949432982,12901.2465834561,13083.40166337273,3281.3029774089996,42930604.8326628,15672.0
2017-12-31T14:00:00+00:00,13076.923896827326,13420.23691223585,13061.639809715147,13332.010055347466,5001.4233227780005,66679026.030325636,18977.0
2017-12-31T15:00:00+00:00,13350.77603219518,13427.109507839828,13132.98157920276,13287.571689865854,3468.344664302399,46085878.372081846,20030.0
2017-12-31T16:00:00+00:00,13287.620678096853,14124.500639211617,13280.282518733622,13973.081504644142,12026.8581168299,168052268.71125516,40984.0
2017-12-31T17:00:00+00:00,13974.677471282315,14014.232560450322,13700.421722519637,13897.543954672445,4072.6470965288,56599792.03587811,21280.0
2017-12-31T18:00:00+00:00,13895.799558841176,13972.751945685117,13704.654103629953,13798.176964080647,2315.112916110601,31944337.708322864,13080.0
2017-12-31T19:00:00+00:00,13806.716204719896,13974.202775472933,13775.794661434267,13889.361334893501,1840.8556155594997,25568308.809873693,11164.0
2017-12-31T20:00:00+00:00,13888.817460773194,14221.571491997624,13875.962712043663,14076.507317679361,3665.2250685660997,51593567.49861254,16525.0
2017-12-31T21:00:00+00:00,14083.54806331799,14095.153038657565,13904.79155144498,13961.897341518788,2144.5841623103997,29942463.914424866,11138.0
2017-12-31T22:00:00+00:00,13968.659127835674,14041.321851856936,13787.75360894008,13890.220194362055,1826.7784522703,25374354.94835038,9217.0
2017-12-31T23:00:00+00:00,13871.694742738528,13935.807757232873,13758.202819797563,13797.694874618523,2055.9499025740997,28367369.433219105,10771.0
2018-01-01T00:00:00+00:00,13792.20816155334,13821.764356890988,13513.67115362916,13602.87085911669,2953.1744688868007,40171650.92470767,15347.0
