#{"t_start": 1720222829.1774597, "env_id": "None"}
r,l,t
45323.255869,1580,31.456515
-71458.258066,1580,59.16379
700195.060022,1580,90.184562
38960.282284,1580,125.651683
471605.05858,1580,151.580416
401448.78543,1580,179.929571
-184475.554116,1580,214.477712
163933.742352,1580,242.507294
-301064.132226,1580,266.586527
-238825.466572,1580,291.172134
-258640.752473,1580,313.872698
158326.886351,1580,341.651256
-199761.551497,1580,369.887473
285855.09712,1580,397.39703
356854.08554,1580,434.885094
-269906.366183,1580,462.594531
147564.859362,1580,484.837472
254400.479657,1580,510.115268
146489.034138,1580,534.577102
368770.572186,1580,556.505326
620862.244373,1580,580.537395
32653.228867,1580,605.044208
323466.136927,1580,628.533536
483347.912936,1580,657.902386
119997.175432,1580,683.942589
124980.829487,1580,708.786746
431304.13932,1580,740.005677
705012.333496,1580,766.874552
144266.487273,1580,793.875624
-121091.386987,1580,826.439782
392617.750574,1580,850.76403
627040.305753,1580,874.649411
393427.902729,1580,901.810485
1629225.874503,1580,925.618121
528143.182916,1580,950.04925
515997.570324,1580,978.562181
351110.575574,1580,1003.280401
1050211.345637,1580,1031.311841
217086.428927,1580,1060.978493
453816.23211,1580,1085.175293
252930.278692,1580,1111.442244
1071646.722036,1580,1144.338944
635454.719489,1580,1168.69704
939892.560685,1580,1194.928102
1331113.834566,1580,1219.003306
390852.464116,1580,1243.4181
514775.688606,1580,1271.439167
751015.58444,1580,1301.766613
370153.716005,1580,1329.486003
-678.383345,1580,1357.058624
503846.96357,1580,1384.537257
640330.664243,1580,1407.483542
1645072.553292,1580,1433.0561
22834.16402,1580,1459.051891
382940.413251,1580,1482.661134
607800.814484,1580,1511.451822
797996.673241,1580,1536.567511
476825.490213,1580,1562.027192
882840.399018,1580,1588.913737
1855091.12032,1580,1620.075511
463916.650461,1580,1646.177221
332985.278085,1580,1675.656358
1349181.308413,1580,1700.99212
758285.540407,1580,1725.923954
409133.118627,1580,1752.278579
671229.902989,1580,1777.169806
624536.353511,1580,1804.539966
1713571.917479,1580,1832.942176
844053.589674,1580,1861.623137
4594598.660126,1580,1887.57497
1026535.957235,1580,1915.193232
594086.654404,1580,1939.478015
1942246.361425,1580,1966.186482
2867455.022698,1580,1996.058831
576754.801399,1580,2019.39752
629762.009977,1580,2046.084201
2626328.45894,1580,2070.84334
4345250.086655,1580,2094.142614
595124.027873,1580,2119.7523
262585.960496,1580,2148.561439
428499.319041,1580,2177.027473
1699116.48918,1580,2210.543498
3878650.047559,1580,2248.364012
1059349.869583,1580,2281.589521
707773.357775,1580,2315.668358
505617.545614,1580,2347.211884
2484833.231922,1580,2376.111202
920339.915149,1580,2404.967466
829891.750477,1580,2431.766009
1588479.69458,1580,2464.617908
1320216.565716,1580,2503.48067
1217112.977639,1580,2538.168762
3345068.002914,1580,2563.929804
301217.30106,1580,2593.061487
968954.664175,1580,2620.703101
2137231.390509,1580,2645.621724
1306757.80823,1580,2675.077807
830945.287327,1580,2700.629446
719923.962379,1580,2727.457564
1877991.29278,1580,2755.634783
3799818.90765,1580,2780.954568
1351383.117176,1580,2807.723017
634513.687342,1580,2834.532696
1385726.521433,1580,2859.649333
819202.976442,1580,2886.369421
1813552.989874,1580,2915.213216
478851.698868,1580,2940.26302
362105.010633,1580,2967.675322
1082775.084331,1580,2995.412149
1050150.441172,1580,3020.594409
1453251.960114,1580,3049.276298
1687271.599286,1580,3077.476648
750870.471698,1580,3102.317903
257445.758336,1580,3129.301717
2135937.619847,1580,3156.202962
734382.752039,1580,3186.364068
1382329.987835,1580,3219.571337
1543064.990099,1580,3250.595594
1604612.316434,1580,3278.618047
1567048.78383,1580,3307.177886
1405115.874551,1580,3334.956798
1815381.218722,1580,3360.987763
1102467.133587,1580,3389.968657
1131296.125816,1580,3416.127252
1800663.445588,1580,3441.408662
798712.701365,1580,3470.941202
1375861.048704,1580,3497.215714
1968041.576161,1580,3519.094966
4956224.533744,1580,3540.913116
635075.699311,1580,3560.747481
582125.769541,1580,3581.672734
367808.888154,1580,3603.140396
2034273.356884,1580,3623.309837
1226336.909563,1580,3645.116495
676757.934097,1580,3666.556303
391945.555557,1580,3686.276317
879769.397874,1580,3707.611191
934820.885247,1580,3728.552859
524654.307445,1580,3748.097231
780555.532435,1580,3769.764993
3450423.082891,1580,3790.974416
2061468.617876,1580,3810.627481
1357028.064633,1580,3832.089483
831703.235112,1580,3853.683228
1285075.797616,1580,3874.04338
1908321.892348,1580,3896.269155
1495843.518526,1580,3916.76627
2556368.268945,1580,3938.009255
1047767.557747,1580,3960.234306
4795589.753366,1580,3980.500458
1359311.927302,1580,4000.806374
654546.190751,1580,4023.214794
2860036.344225,1580,4044.48667
526819.663891,1580,4064.202978
2569860.135634,1580,4086.077803
1067422.239693,1580,4106.701159
1329518.396417,1580,4127.040007
2265759.232398,1580,4149.156673
2034644.893471,1580,4169.798484
1270772.671025,1580,4190.963083
841990.633237,1580,4213.150567
4229271.828929,1580,4233.228035
1211826.297673,1580,4254.417306
1515900.236655,1580,4275.796235
3067909.831065,1580,4295.882359
1005543.977527,1580,4318.835182
2551020.152343,1580,4340.375136
780235.861338,1580,4360.131512
1549994.173204,1580,4381.271739
1075303.937056,1580,4402.601254
2442577.439828,1580,4422.76421
896266.945216,1580,4443.753015
1000056.648814,1580,4464.453356
1382283.450462,1580,4484.342848
4772119.019865,1580,4505.650809
1038639.437053,1580,4527.018044
643298.487672,1580,4552.232578
1416823.819834,1580,4573.740114
4826154.72388,1580,4594.861979
709144.357644,1580,4614.870442
1986691.236404,1580,4636.060789
2818948.908028,1580,4656.530084
2192076.572942,1580,4676.009136
1100720.56719,1580,4698.098888
1670660.1675,1580,4720.489789
1283286.203344,1580,4740.714794
1084896.322811,1580,4763.786286
1180106.69538,1580,4785.506186
1154502.085655,1580,4806.196127
4562568.978956,1580,4828.935421
2023567.835119,1580,4849.153038
1009394.636249,1580,4869.546443
2030764.035816,1580,4893.357736
2223094.995951,1580,4913.832673
2047691.699498,1580,4935.756202
2206550.816142,1580,4957.458077
4543911.871638,1580,4978.196415
1610628.222353,1580,4999.629456
2619780.113117,1580,5021.67857
581640.598519,1580,5041.855296
914466.777723,1580,5063.491678
1142644.342823,1580,5088.752048
1215847.816602,1580,5109.049543
1358777.824684,1580,5130.223969
1982530.797851,1580,5151.089556
1887492.287387,1580,5170.874924
2241120.118913,1580,5193.201003
1488976.838383,1580,5214.736851
1922130.188902,1580,5235.020201
1660804.972768,1580,5256.606507
973999.751019,1580,5278.089761
1891673.908187,1580,5298.309536
860607.68309,1580,5320.374926
1274816.01131,1580,5341.754313
1077795.835843,1580,5361.498332
1392700.240429,1580,5383.924775
4041081.152531,1580,5404.65758
1631307.213374,1580,5424.699184
1976817.728657,1580,5446.517458
2184994.761669,1580,5467.611265
4631468.506556,1580,5488.002664
1235967.925549,1580,5510.413141
1871628.299996,1580,5530.700347
4186768.793881,1580,5555.015236
749393.28788,1580,5578.438793
2452990.959416,1580,5599.689856
4341872.397982,1580,5623.881395
1689705.636463,1580,5646.319264
4266767.39473,1580,5666.680771
1330179.352147,1580,5687.595583
1668864.040578,1580,5709.802812
848047.414337,1580,5729.859527
3831606.578315,1580,5752.14102
3263761.680403,1580,5773.66468
1946417.848978,1580,5793.814925
4742606.925913,1580,5816.912118
1413364.38674,1580,5838.408442
1196454.43937,1580,5858.73765
1219495.816057,1580,5881.041627
1793655.879504,1580,5902.980427
1756253.550271,1580,5923.598509
886827.01637,1580,5945.788444
1145049.872914,1580,5967.016103
1943646.882115,1580,5986.966789
1857810.195875,1580,6009.143912
1254743.938867,1580,6029.992964
1212187.381103,1580,6050.147576
1398217.790806,1580,6072.519075
1210888.887169,1580,6093.215373
955626.520624,1580,6113.749315
515926.960707,1580,6135.991945
887905.888661,1580,6157.438883
2306006.51596,1580,6178.172894
1344580.309008,1580,6200.280762
1958215.037339,1580,6222.083745
1370467.674953,1580,6242.797343
4375526.383145,1580,6265.691227
1069615.89413,1580,6286.340846
694306.651976,1580,6308.236972
1180285.708471,1580,6330.122762
2337986.151121,1580,6350.588058
1897718.128201,1580,6371.865408
4545042.131571,1580,6393.982732
973512.03744,1580,6414.474494
1525073.071897,1580,6435.866999
4387565.799044,1580,6457.998918
1754152.379103,1580,6478.736061
1208621.594522,1580,6504.061016
784026.530014,1580,6525.162931
2036760.569387,1580,6545.280169
1304392.020573,1580,6566.674033
807907.475839,1580,6588.270314
1825142.835338,1580,6608.640109
969716.348563,1580,6631.678014
987212.949895,1580,6653.408055
489748.380594,1580,6673.708258
1725817.667888,1580,6695.32489
2505753.256049,1580,6716.798426
983946.506769,1580,6737.154618
807928.015706,1580,6759.887748
1334884.328619,1580,6780.722607
1857252.188135,1580,6801.561303
2208014.301775,1580,6824.482416
634632.240975,1580,6845.410533
1249609.47506,1580,6865.523468
1907367.362362,1580,6888.525977
828238.629166,1580,6909.889349
1789600.747325,1580,6930.708379
765495.641059,1580,6953.976321
1014386.145099,1580,6974.598416
856851.803109,1580,6996.416482
1942661.863837,1580,7019.37099
613489.806224,1580,7040.191504
1372308.236221,1580,7061.894517
2312146.237072,1580,7083.87256
1227392.795977,1580,7104.487354
967011.508088,1580,7126.134788
1166261.021509,1580,7147.676287
1324711.741441,1580,7169.356805
1039056.646354,1580,7191.816555
3258570.04769,1580,7214.604977
837416.441257,1580,7235.466236
3935985.828834,1580,7258.848864
715054.780641,1580,7281.635251
1190561.801959,1580,7302.423493
1150630.079444,1580,7325.790307
1365677.773889,1580,7347.760983
835836.255251,1580,7368.455874
1874450.460357,1580,7391.449049
1486302.941449,1580,7413.533835
852773.269079,1580,7435.988571
2199758.140212,1580,7458.727686
1020818.637267,1580,7480.066531
843457.803623,1580,7500.875934
1153180.748309,1580,7523.566223
2030232.285888,1580,7545.097863
1589164.691998,1580,7566.358006
1382159.115554,1580,7590.944304
585200.398124,1580,7613.583889
2313221.408165,1580,7634.298192
784567.909525,1580,7657.245837
852892.099151,1580,7677.36297
634243.443007,1580,7698.481794
744582.551318,1580,7720.619373
906733.225773,1580,7742.136579
1311677.138121,1580,7764.168513
4575072.775093,1580,7786.194658
4974569.407091,1580,7808.173739
1648345.794134,1580,7830.794232
1748914.514831,1580,7853.140902
1626999.082912,1580,7873.994309
875717.409088,1580,7896.933614
4370390.38867,1580,7919.574731
4562568.978956,1580,7940.387432
1383403.083144,1580,7962.889604
1247792.38083,1580,7985.77449
1989348.369037,1580,8006.715864
2136568.532061,1580,8029.429077
1017942.425471,1580,8051.46395
3416198.428138,1580,8074.029215
1857459.761975,1580,8097.554881
1620968.520948,1580,8119.803655
2001761.027173,1580,8140.780735
792597.077357,1580,8163.509936
1343103.494413,1580,8185.092144
2581550.334002,1580,8208.840471
1405660.477914,1580,8232.191284
925141.645725,1580,8253.909392
4565145.744607,1580,8275.109001
1259530.372417,1580,8298.812969
850075.924862,1580,8321.301737
1561267.072447,1580,8342.744554
4505529.68274,1580,8366.329777
1194149.270994,1580,8389.282114
1295605.793873,1580,8411.986976
1623548.482722,1580,8434.969437
1858712.154,1580,8456.303846
2018671.612253,1580,8478.997287
2004862.634121,1580,8501.594541
4539218.027301,1580,8522.393486
2410771.215211,1580,8545.070187
1271935.590311,1580,8566.400549
1040783.219367,1580,8587.191598
1161293.851285,1580,8609.964713
1894551.802736,1580,8632.115149
896417.04515,1580,8652.933544
2143695.828496,1580,8675.455033
1067798.5221,1580,8698.530506
879071.797079,1580,8720.216405
4562568.978956,1580,8743.119101
1195854.292922,1580,8766.308833
902589.522133,1580,8787.254002
799173.264556,1580,8810.39168
2019147.174542,1580,8831.830099
1416456.50557,1580,8852.538544
1461980.305229,1580,8874.966009
1298967.667254,1580,8896.574754
1058512.104906,1580,8918.434179
1472122.622367,1580,8941.622461
2325073.294252,1580,8963.374409
4438104.706272,1580,8984.079445
1488062.121328,1580,9007.700581
4678301.749341,1580,9029.397218
4566165.154815,1580,9050.509067
1839934.181249,1580,9073.973112
4617597.178856,1580,9095.190943
4355254.722625,1580,9117.154753
4480781.253679,1580,9139.697898
4345248.514592,1580,9161.495758
4575072.775093,1580,9186.843276
777803.691705,1580,9209.876109
4631468.506556,1580,9231.281458
4345250.086655,1580,9253.981573
2162261.10454,1580,9276.204046
2882078.224789,1580,9297.040118
4355254.722625,1580,9319.697935
1478610.202314,1580,9342.484312
4345248.514592,1580,9363.859226
4575072.775093,1580,9386.574978
4266767.39473,1580,9409.317765
2016358.999424,1580,9430.066289
4615881.661276,1580,9453.088198
999378.246575,1580,9475.0111
3172649.242624,1580,9496.19805
1869023.686675,1580,9519.6942
4480781.253679,1580,9541.393469
2636731.012325,1580,9562.467937
1179261.873826,1580,9586.037073
1290207.047455,1580,9608.892092
1848972.47909,1580,9630.357249
4351244.049386,1580,9653.733142
4565145.744607,1580,9675.098307
775112.705622,1580,9696.505731
4355254.722625,1580,9719.991349
2917970.231231,1580,9741.249542
1793528.265144,1580,9762.510121
2440625.673766,1580,9785.626856
884777.648627,1580,9807.331777
1268082.44084,1580,9829.789183
1302374.658977,1580,9852.96603
1073851.902186,1580,9875.916754
926604.340522,1580,9898.695602
1310753.078222,1580,9921.535536
2452397.163962,1580,9943.090864
1143796.761998,1580,9965.056711
1468715.512124,1580,9986.938987
947878.127863,1580,10008.12081
841569.236807,1580,10030.894699
1254572.360628,1580,10053.404128
1055509.62848,1580,10074.295747
734727.881466,1580,10096.765093
910372.248774,1580,10119.660652
1280244.883763,1580,10140.425553
954253.120787,1580,10163.112375
1102803.443558,1580,10186.175886
1394714.953143,1580,10207.108702
1709783.677116,1580,10229.299856
1162348.622779,1580,10251.512293
999526.466403,1580,10273.385674
1536852.726901,1580,10297.315662
696315.646398,1580,10319.042635
840195.104983,1580,10340.652481
1312619.01123,1580,10363.539608
568604.133691,1580,10385.213811
1127621.504639,1580,10406.362599
1828727.73814,1580,10430.566547
1699062.807679,1580,10451.473144
1633556.565805,1580,10472.928841
1625169.763187,1580,10496.593417
1741629.596571,1580,10519.384508
1773540.646621,1580,10542.201154
1358360.593712,1580,10567.348858
1272893.606143,1580,10589.16586
3280665.066514,1580,10613.898143
920796.622561,1580,10637.983837
1058401.155244,1580,10658.86323
1900255.95393,1580,10681.751772
4355256.764625,1580,10703.344629
1286406.184841,1580,10725.283217
2246376.023163,1580,10747.369143
1761627.870659,1580,10768.985165
1841338.004561,1580,10790.090905
1098232.410659,1580,10813.138939
1293623.541618,1580,10835.698887
972227.887937,1580,10857.127827
4565145.744607,1580,10879.453805
1335957.829167,1580,10901.315649
1674265.024337,1580,10922.477828
1975879.64754,1580,10944.850817
822225.645163,1580,10966.201256
1351899.367993,1580,10987.213217
1116755.46302,1580,11010.726132
4207842.011101,1580,11032.817834
950151.292579,1580,11053.555961
938099.215149,1580,11077.023756
825277.610376,1580,11098.811768
596938.176146,1580,11119.759629
1489303.405407,1580,11143.435841
1419255.305367,1580,11164.587576
1462536.354695,1580,11185.480502
1567037.232353,1580,11209.008241
1596890.33514,1580,11230.813824
3492307.956753,1580,11253.861186
1202031.624214,1580,11277.131044
776258.419644,1580,11299.090859
779434.013141,1580,11321.621243
861126.995662,1580,11344.361441
606500.385939,1580,11365.188535
2343011.804108,1580,11387.639452
4261835.382655,1580,11416.730607
1565940.848583,1580,11440.869468
848327.61219,1580,11463.672823
878359.124744,1580,11486.616073
4412594.15908,1580,11507.268502
1145280.217982,1580,11530.312147
2337296.59866,1580,11551.617886
2212384.345941,1580,11572.017992
2267174.315105,1580,11593.615452
989841.693918,1580,11616.147533
1009433.930974,1580,11636.348387
1961517.685334,1580,11658.277044
1889569.172896,1580,11680.512161
1607469.707498,1580,11701.92534
1421387.445579,1580,11724.085693
2866411.231669,1580,11745.66978
1004233.725203,1580,11766.65556
987855.040581,1580,11789.309201
3016582.63925,1580,11810.401843
1302068.620102,1580,11830.852034
1001392.529348,1580,11853.806043
1348437.795729,1580,11874.716097
2154198.595119,1580,11895.539761
1199131.786796,1580,11918.757355
1216144.933762,1580,11939.720165
1786555.400213,1580,11965.598801
4575072.775093,1580,11988.590695
2250464.122365,1580,12009.384113
4464656.012381,1580,12030.931687
1096099.274972,1580,12052.800102
4394096.780403,1580,12073.051312
2049532.223064,1580,12096.287995
4370390.38867,1580,12117.66484
1025630.748947,1580,12138.417666
4345248.514592,1580,12160.328723
4575072.775093,1580,12182.056033
1202933.728113,1580,12203.434683
1006217.204564,1580,12225.981402
3107576.809377,1580,12247.273383
1554293.380637,1580,12267.451505
668898.365707,1580,12289.784389
1118682.421968,1580,12311.061441
2328611.340515,1580,12332.549477
2017562.190619,1580,12355.901929
1455254.404193,1580,12377.7415
1331837.644084,1580,12398.233157
2668495.280422,1580,12420.305753
1715494.904859,1580,12441.365262
4565145.744607,1580,12461.93229
1809577.939282,1580,12484.518122
1853586.442474,1580,12505.428391
509524.960538,1580,12526.653496
1285214.798088,1580,12549.535075
718942.897741,1580,12570.367716
891240.371104,1580,12590.951513
731680.092152,1580,12612.549873
1890425.125106,1580,12633.115466
636116.121969,1580,12654.861464
886091.346774,1580,12677.336443
606605.047674,1580,12698.157004
669129.013608,1580,12719.426489
893136.942937,1580,12740.833585
488821.377429,1580,12761.231297
628770.012812,1580,12783.103409
633272.44461,1580,12804.834834
682900.840411,1580,12826.108568
592290.922405,1580,12848.66448
514703.663893,1580,12870.333705
720177.437752,1580,12890.734714
576445.980304,1580,12913.069247
663609.992772,1580,12935.488189
524602.274796,1580,12955.861755
1047889.024888,1580,12977.759685
892333.040854,1580,12999.192976
1076138.438903,1580,13019.482188
1454126.250775,1580,13042.983793
1239529.928326,1580,13064.273046
970451.756616,1580,13084.867544
528844.911852,1580,13106.729029
908510.966369,1580,13128.840415
837848.749925,1580,13148.981288
868309.154452,1580,13171.626436
616370.786469,1580,13192.591402
1430516.823025,1580,13213.078274
1163080.108238,1580,13237.990617
849938.733641,1580,13259.761254
1403572.168199,1580,13279.933967
553460.423568,1580,13302.832772
992449.045378,1580,13326.465893
574519.712559,1580,13347.38683
548428.740839,1580,13370.074776
893765.646452,1580,13390.541701
1154350.49554,1580,13412.235333
713266.961596,1580,13434.029625
914261.127385,1580,13455.638942
1721506.196187,1580,13478.178789
1071332.446025,1580,13499.664686
705126.36994,1580,13520.278831
643497.676837,1580,13542.843778
663452.596644,1580,13564.624285
752682.593055,1580,13584.762047
1865665.531614,1580,13606.755869
668688.650673,1580,13628.245936
1083063.812055,1580,13648.651251
2102087.943345,1580,13670.369187
670165.105821,1580,13692.056114
678487.72086,1580,13712.307519
1262512.229621,1580,13735.623554
1014006.587621,1580,13756.512098
535256.128341,1580,13777.925621
509600.046746,1580,13800.318385
539811.767637,1580,13821.456379
394873.912768,1580,13841.605417
177971.156765,1580,13864.489093
437683.886266,1580,13884.938131
646077.951016,1580,13905.531852
558068.393693,1580,13928.137009
346703.005763,1580,13949.086369
892911.233369,1580,13970.052221
395603.012483,1580,13992.541423
370916.193427,1580,14013.151492
-42813.093154,1580,14034.389216
503594.064861,1580,14056.931144
386589.865874,1580,14077.113447
197588.768542,1580,14098.466045
186806.335741,1580,14121.229882
-33620.384665,1580,14141.897402
256528.915006,1580,14163.30124
-31900.011549,1580,14185.119947
-304335.601242,1580,14205.199426
-297526.603888,1580,14227.621211
198753.578546,1580,14249.572944
79769.141848,1580,14269.483737
176276.175592,1580,14291.199113
-107787.680908,1580,14312.28835
-310104.31044,1580,14335.764797
-42772.578582,1580,14357.591163
-73710.737665,1580,14378.209199
-69681.566468,1580,14398.067379
-124022.341258,1580,14422.773634
-54046.054858,1580,14443.164641
53193.553918,1580,14463.621505
87376.034372,1580,14486.040385
49343.287824,1580,14506.802591
195353.894443,1580,14526.787708
80571.239904,1580,14549.055745
370701.755446,1580,14569.434737
362805.502708,1580,14589.454022
342095.864502,1580,14612.185208
190921.482888,1580,14632.248957
345093.749144,1580,14652.602134
88816.222093,1580,14675.814363
1069432.566863,1580,14696.485608
1167249.55777,1580,14717.327324
649877.721727,1580,14739.16414
576927.922982,1580,14759.054661
458976.164764,1580,14780.286769
417685.004041,1580,14801.796144
500649.63736,1580,14821.627757
881415.050792,1580,14843.38178
288196.636687,1580,14865.072102
778924.09139,1580,14885.110192
796228.951385,1580,14906.886601
1182911.637227,1580,14928.170093
1552866.020714,1580,14948.012522
475074.072592,1580,14969.816114
793698.836119,1580,14990.997007
784060.819694,1580,15010.993279
850782.707603,1580,15032.301518
845893.152913,1580,15053.839868
1189494.981281,1580,15074.144449
1367401.75776,1580,15096.818512
1094495.091867,1580,15118.043614
736186.222988,1580,15139.002505
803789.612407,1580,15161.039461
2587588.873746,1580,15181.507246
1742190.876176,1580,15201.81867
788370.691129,1580,15224.654039
754764.599791,1580,15244.555338
1540280.777008,1580,15264.683594
1624860.96115,1580,15287.469697
807406.004945,1580,15307.887967
716238.477325,1580,15328.745262
924664.380045,1580,15351.328075
1394643.420553,1580,15372.186985
2846752.02391,1580,15393.996172
816352.851358,1580,15416.776298
934882.302572,1580,15436.857963
635041.770635,1580,15458.536514
1287275.536644,1580,15480.306062
1119494.215074,1580,15500.346495
1176898.697265,1580,15521.280207
778116.489136,1580,15544.775417
1898621.395434,1580,15565.099227
649578.051716,1580,15586.940042
1451054.08798,1580,15609.134132
794881.849879,1580,15629.569707
1021148.710057,1580,15651.688662
1373546.052241,1580,15673.896775
627437.813432,1580,15695.269794
996395.615114,1580,15717.321373
960954.238438,1580,15738.844548
997617.363165,1580,15759.499196
818514.981603,1580,15780.358315
661170.229095,1580,15799.186116
1006004.857749,1580,15817.752706
1637410.550944,1580,15838.044445
599861.065723,1580,15857.062471
1453055.397482,1580,15875.193783
1475349.537345,1580,15895.282917
4565145.744607,1580,15913.550591
1785031.177901,1580,15932.1644
862091.056274,1580,15952.243656
2421814.30679,1580,15970.85133
1359727.386058,1580,15989.227453
1332743.716141,1580,16010.3461
1180820.759947,1580,16029.834728
1236473.495512,1580,16049.447796
2258672.113715,1580,16070.45189
2314185.881337,1580,16088.142376
1372806.389475,1580,16107.360094
739615.710561,1580,16128.159122
1015702.964841,1580,16146.683105
2354055.667248,1580,16165.450965
667898.624999,1580,16184.406939
3233172.70794,1580,16202.034502
1451820.0493,1580,16221.544491
1295981.289203,1580,16240.724257
684996.956635,1580,16259.002512
4828515.63657,1580,16278.102608
708804.198738,1580,16297.152343
925172.337647,1580,16314.742572
966715.885401,1580,16334.476724
1373317.022055,1580,16353.464292
3522619.586562,1580,16371.532109
1035459.130868,1580,16391.397209
4345250.086655,1580,16409.942894
1641477.092594,1580,16428.505927
1012505.340438,1580,16448.457695
4211587.407479,1580,16466.413877
767806.030729,1580,16484.610394
921639.602657,1580,16504.21253
920006.535229,1580,16522.875667
1085565.921012,1580,16541.173612
1591253.354289,1580,16561.429524
1247276.133594,1580,16580.07161
1728997.99573,1580,16598.564553
4581283.902394,1580,16619.746297
4172601.028219,1580,16638.093483
555134.991111,1580,16657.352664
4345248.514592,1580,18465.083773
4606222.634955,1580,18484.31991
1732059.363932,1580,18505.870386
1337364.206396,1580,18528.321611
1298598.75858,1580,18548.376245
654677.580053,1580,18568.025311
4291113.758636,1580,18587.991042
1821461.968109,1580,18694.655689
1231982.56066,1580,18716.155422
1181564.794366,1580,18735.858179
1505966.734253,1580,18755.925417
1804602.280601,1580,18775.905803
896547.039943,1580,18797.477137
988270.920767,1580,18815.546696
533503.258957,1580,18835.150374
5406330.149088,1580,18853.562842
1712997.897274,1580,18871.75078
4280936.652021,1580,18892.467397
730100.310309,1580,18910.956968
2091683.144904,1580,18928.852453
1443161.936868,1580,18948.213803
742486.18934,1580,18966.466522
1451418.781629,1580,18984.352606
814226.213761,1580,19004.220391
670113.441488,1580,19023.034908
810021.579502,1580,19041.597861
816612.851862,1580,19064.680705
798220.627652,1580,19084.467598
663834.634326,1580,19104.907037
1084827.846146,1580,19130.011088
567095.220319,1580,19149.419614
1186605.789272,1580,19170.531771
2112509.294623,1580,19189.899401
1069772.109122,1580,19207.843353
2200302.016922,1580,19228.14435
1093633.268374,1580,19248.530443
1392920.626498,1580,19268.146555
1687485.886516,1580,19288.002661
694389.407413,1580,19307.094765
808963.409004,1580,19326.422465
1158445.210533,1580,19347.008584
758979.643059,1580,19366.938646
862930.375395,1580,19385.097362
1051648.007981,1580,19405.490513
1812072.472534,1580,19424.650157
2557924.984222,1580,19442.766521
530001.229734,1580,19461.896321
283795.472003,1580,19480.746929
773167.582184,1580,19500.418487
1093354.084253,1580,19520.611836
1064720.05881,1580,19539.867768
1566294.26813,1580,19558.004269
1033300.298145,1580,19577.956605
602309.362305,1580,19601.281468
2771247.338644,1580,19628.987617
863612.104531,1580,19649.645553
1805164.971472,1580,19669.090283
1044507.037286,1580,19689.244136
1039620.949941,1580,19709.730835
1696645.809013,1580,19728.668099
802563.32349,1580,19747.36474
950391.268569,1580,19767.441342
1148351.631103,1580,19786.017006
909371.984133,1580,19805.4622
1080900.218649,1580,19825.060155
1069409.769589,1580,19843.084993
584765.626587,1580,19862.246875
481343.708542,1580,19881.036216
1536522.59852,1580,19898.876708
1525227.089712,1580,19918.417738
772835.329444,1580,19938.172424
1615370.876404,1580,19956.282801
558274.699221,1580,19975.466524
556493.457396,1580,19994.733505
803941.114875,1580,20013.192471
1017595.052055,1580,20032.606599
684923.134894,1580,20051.536355
816573.109379,1580,20069.545024
1376637.214951,1580,20088.746304
531799.886212,1580,20107.803435
1018559.160568,1580,20125.711857
998862.439195,1580,20145.470896
3620864.936889,1580,20164.286114
1067495.831675,1580,20182.253761
827873.093878,1580,20202.130506
1956354.689376,1580,20221.007034
771325.476263,1580,20239.156977
1804202.734625,1580,20259.234689
674833.057441,1580,20278.393306
860847.23168,1580,20296.389319
1308179.612095,1580,20317.196439
958875.406309,1580,20336.19125
854057.926176,1580,20354.468039
2754784.818538,1580,20375.058586
1082842.42841,1580,20393.174361
998630.080966,1580,20412.254282
727260.396503,1580,20432.349774
1305027.790915,1580,20450.596013
1459388.886883,1580,20471.432122
659049.922491,1580,20492.200816
967502.188233,1580,20514.03406
3217107.206632,1580,20533.560645
1914462.690497,1580,20553.119499
1410556.265559,1580,20571.794251
894722.095067,1580,20591.885244
732567.193638,1580,20612.799049
1323745.710487,1580,20630.822887
892595.190827,1580,20650.292512
956125.330216,1580,20668.97699
833078.949215,1580,20687.111258
1171867.832493,1580,20706.642213
1642213.242061,1580,20725.264275
1345897.238105,1580,20743.2066
721688.633525,1580,20763.020221
1480239.382622,1580,20782.254795
1028825.586232,1580,20800.419893
781947.353539,1580,20820.32526
567483.992086,1580,20839.693419
1820388.129459,1580,20857.525126
1038691.480291,1580,20877.369345
1639178.877865,1580,20895.843434
1767385.394207,1580,20914.292689
1646330.624282,1580,20934.674465
916718.824531,1580,20953.351521
2083917.966874,1580,20972.233991
756777.507398,1580,20992.937033
4345248.514592,1580,21011.158276
5641396.486269,1580,21030.69948
2257577.046719,1580,21050.139624
2051545.672884,1580,21068.452578
1311572.351882,1580,21088.074562
1279979.541453,1580,21107.162601
4513220.095794,1580,21125.093034
2608568.202879,1580,21143.862335
1916648.965535,1580,21176.801582
4695993.026836,1580,21195.99341
3513019.36209,1580,21216.515852
2400775.110533,1580,21236.923802
646823.617257,1580,21255.764424
2402836.575979,1580,21275.489061
1486823.739098,1580,21295.325189
1454232.231872,1580,21314.713995
783093.047489,1580,21334.462019
1111222.665231,1580,21354.718985
1815941.056806,1580,21373.243656
1825424.591627,1580,26235.733592
963262.552367,1580,26255.577208
1148056.553302,1580,26274.322998
1058981.064358,1580,26294.726375
1264657.706731,1580,26314.716119
1198444.960187,1580,26333.745229
1483974.001651,1580,26353.488248
2874461.339461,1580,26623.128366
627275.396874,1580,26642.316629
937951.428879,1580,26663.453835
912334.846075,1580,26683.388838
1523312.457036,1580,26702.292042
1104209.611964,1580,26722.922573
462809.861262,1580,26741.878231
1169927.326624,1580,26760.513375
923300.990456,1580,26781.070177
1425563.343373,1580,26800.714359
2495429.368745,1580,26819.915524
1510385.816908,1580,26841.252883
2038400.54765,1580,26860.390437
2456796.047969,1580,26879.352765
3289477.42312,1580,26900.399422
500713.285389,1580,26920.016464
1800758.355452,1580,26939.246154
1540798.622129,1580,26959.568889
1082429.317899,1580,26979.699422
1403941.114829,1580,26999.395824
1480561.398365,1580,27019.129318
4071475.915375,1580,27037.642524
2004110.062741,1580,27057.590555
1971331.143322,1580,27077.230722
2508936.319325,1580,27096.323332
1010014.393906,1580,27116.819123
1852840.930271,1580,27136.756248
240517.130625,1580,27155.865701
1201994.580871,1580,27176.151284
636035.664635,1580,27196.084606
1210097.162292,1580,27215.096149
512212.164299,1580,27235.914037
446180.781302,1580,27255.37995
1362711.144813,1580,27274.107919
1351898.654151,1580,27294.025611
469417.809721,1580,27313.849811
818854.764602,1580,27332.868317
709731.089469,1580,27353.597544
706779.872933,1580,27373.704083
1650507.743519,1580,27392.167654
963778.326107,1580,27412.953751
642575.895528,1580,27432.051989
960942.642843,1580,27451.288175
802141.876139,1580,27472.706747
454987.36032,1580,27493.160886
5328.709248,1378,4618.762177
358807.593833,1378,4624.437616
362626.878173,1378,4629.861737
341994.079917,1378,4635.246872
342514.645464,1378,4640.21529
338589.333885,1378,4645.456321
361945.824036,1378,4650.704391
371089.72959,1378,4655.854408
374127.815225,1378,4661.347576
365328.709248,1378,4666.283985
358807.593833,1378,4671.445851
362626.878173,1378,4676.805337
341994.079917,1378,4681.88047
342514.645464,1378,4687.485263
338589.333885,1378,4692.902873
361945.824036,1378,4698.003276
371089.72959,1378,4703.125685
374127.815225,1378,4708.348541
365328.709248,1378,4713.719079
358807.593833,1378,4718.865019
362626.878173,1378,4724.144809
341994.079917,1378,4729.307392
342514.645464,1378,4734.622637
361945.824036,1378,4743.968812
371089.72959,1378,4750.180113
374127.815225,1378,4756.897363
365328.709248,1378,4763.186075
358807.593833,1378,4769.763759
362626.878173,1378,4776.057545
341994.079917,1378,4782.196502
342514.645464,1378,4788.513846
338589.333885,1378,4794.756296
361945.824036,1378,4801.10698
371089.72959,1378,4807.241859
374127.815225,1378,4813.486141
365328.709248,1378,4819.839139
358807.593833,1378,4826.189216
362626.878173,1378,4832.391205
341994.079917,1378,4838.705951
342514.645464,1378,4845.098082
338589.333885,1378,4851.610805
361945.824036,1378,4857.750512
371089.72959,1378,4864.037626
374127.815225,1378,4870.38054
365328.709248,1378,4876.998412
358807.593833,1378,4884.878004
362626.878173,1378,4893.080954
341994.079917,1378,4900.008106
342514.645464,1378,4907.921631
338589.333885,1378,4915.011976
361945.824036,1378,4922.136924
371089.72959,1378,4929.594512
374127.815225,1378,4936.878095
365328.709248,1378,4944.431005
358807.593833,1378,4950.754275
362626.878173,1378,4957.441986
341994.079917,1378,4966.397624
342514.645464,1378,4974.523451
338589.333885,1378,4980.495304
361945.824036,1378,4986.845461
371089.72959,1378,4993.229608
374127.815225,1378,5000.264416
365328.709248,1378,5006.401328
358807.593833,1378,5012.64709
362626.878173,1378,5019.071928
341994.079917,1378,5025.897766
342514.645464,1378,5032.445441
338589.333885,1378,5038.944045
361945.824036,1378,5045.26844
371089.72959,1378,5051.760786
374127.815225,1378,5058.233749
365328.709248,1378,5064.618203
358807.593833,1378,5071.046349
362626.878173,1378,5077.584977
341994.079917,1378,5084.382062
342514.645464,1378,5090.407926
338589.333885,1378,5096.663112
361945.824036,1378,5103.096929
371089.72959,1378,5109.782119
374127.815225,1378,5115.860042
365328.709248,1378,5122.01748
358807.593833,1378,5128.440379
362626.878173,1378,5134.981639
341994.079917,1378,5140.983983
342514.645464,1378,5147.154926
338589.333885,1378,5153.495594
361945.824036,1378,5160.476855
371089.72959,1378,5166.949193
374127.815225,1378,5172.891641
365328.709248,1378,5179.202985
358807.593833,1378,5185.645956
362626.878173,1378,5192.137791
341994.079917,1378,5198.175285
342514.645464,1378,5204.496146
338589.333885,1378,5210.872609
